Unit Price,Info,Model #
82.452,"CP56BK
Catalog Page: 76
Price discounted from MSRP",CP56BK
82.452,"CP56CH
Catalog Page: 76
Price discounted from MSRP",CP56CH
101.4,"CP56CH-LED
Catalog Page: 76
Price discounted from MSRP",CP56CH-LED
129,"BRAE BN
Catalog Page: 77
Price discounted from MSRP",CF52BRA5BN
150,"VALE BK
Catalog Page: 77
Price discounted from MSRP",CF52VAL3BK
156,"VALE BN
Catalog Page: 77
Price discounted from MSRP",CF52VAL3BN
171.6,"SIMON
Catalog Page: 77
Price discounted from MSRP",CF52SIM4BK
119.4,"CARSON
Catalog Page: 78
Price discounted from MSRP",CF52CAR5BK
139.8,"DUFFY
Catalog Page: 78
Price discounted from MSRP",CF52DUF5BK
160.8,"ARIA WH
Catalog Page: 78
Price discounted from MSRP",CF52ARI3WH
179.4,"ARIA BK
Catalog Page: 78
Price discounted from MSRP",CF52ARI3BK
80.088,"KINCADE BPT
Catalog Page: 79
Price discounted from MSRP",CF52KIN5BPT
80.088,"KINCADE ORB
Catalog Page: 79
Price discounted from MSRP",CF52KIN5ORB
112.8,"PRESTON III
Catalog Page: 79
Price discounted from MSRP",CF52PR35BN
138,"PRESTON BN
Catalog Page: 79
Price discounted from MSRP",CF52PRE5BN
80.088,"ST. JAMES BPT
Catalog Page: 80
Price discounted from MSRP",CF52STJ5BPT
80.088,"ST. JAMES ORB
Catalog Page: 80
Price discounted from MSRP",CF52STJ5ORB
101.76,"OTTO
Catalog Page: 80
Price discounted from MSRP",CF52OTT5GPH
167.4,"KORI BN
Catalog Page: 80
Price discounted from MSRP",CF52KOR5BN
60,"CHATEAU II BPT
Catalog Page: 81
Price discounted from MSRP",CF52CHA4BPT
123.6,"MILL
Catalog Page: 81
Price discounted from MSRP",CF48MIL4ORB
124.8,"LAWSON
Catalog Page: 81
Price discounted from MSRP",CF48LAW4BN
133.8,"DAFNI
Catalog Page: 81
Price discounted from MSRP",CF52DAF3BN
96,"CALIBRE BN III
Catalog Page: 82
Price discounted from MSRP",CF48CA33BN
96,"CALIBRE ORB III
Catalog Page: 82
Price discounted from MSRP",CF48CA33ORB
112.644,"CALIBRE BPT
Catalog Page: 82
Price discounted from MSRP",CF15148351S
112.644,"CALIBRE ORB
Catalog Page: 82
Price discounted from MSRP",CF15148313S
74.88,"MALIBU AC
Catalog Page: 83
Price discounted from MSRP",CF12542588S
96,"BROCK BN
Catalog Page: 83
Price discounted from MSRP",CF42BRO4BN
110.4,"GUNNAR
Catalog Page: 83
Price discounted from MSRP",CF42GUN4BKZ
144,"PERRY ORB
Catalog Page: 83
Price discounted from MSRP",CF48PER3ORB
78,"RUE BN
Catalog Page: 84
Price discounted from MSRP",CF42RUE5BN
78,"RUE RA
Catalog Page: 84
Price discounted from MSRP",CF42RUE5RA
83.376,"AUGUSTA ORB
Catalog Page: 84
Price discounted from MSRP",CF42AUG5ORB
90.18,"SUMMIT ORB
Catalog Page: 84
Price discounted from MSRP",CF42SUM5ORB
36.63,"NEPTUNE WH
Catalog Page: 85
Price discounted from MSRP",CF15542411S
53.4,"NEPTUNE ORB
Catalog Page: 85
Price discounted from MSRP",CF42NEP4ORB
56.4,"NEPTUNE BN
Catalog Page: 85
Price discounted from MSRP",CF42NEP4BN
84.642,"NEW YORKER BPT
Catalog Page: 85
Price discounted from MSRP",CF42NEW5BPT
42.972,"CATALYST VI WH
Catalog Page: 86
Price discounted from MSRP",CF6342411S
68.364,"CATALYST II BPT
Catalog Page: 86
Price discounted from MSRP",CF6142551S
69.018,"JASPER BPT
Catalog Page: 86
Price discounted from MSRP",CF42JAS5BPT
70.734,"OMNI BPT
Catalog Page: 86
Price discounted from MSRP",CF10242551S
44.238,"GALAXY WH
Catalog Page: 87
Price discounted from MSRP",CF15636411S
61.854,"MARIA 42""
Catalog Page: 87
Price discounted from MSRP",CF42MAR5WH
70.734,"ECLIPSE BPT
Catalog Page: 87
Price discounted from MSRP",CF9042551S
71.622,"SEYMOUR WH
Catalog Page: 87
Price discounted from MSRP",CF42SEY5WH
2.25,"225-68
Catalog Page: 88
Price discounted from MSRP",CQ0225680
3.474,"700-01
Catalog Page: 88
Price discounted from MSRP",CQ0700010
4.488,"325-200
Catalog Page: 88
Price discounted from MSRP",CQ0325200
5.988,"225-121
Catalog Page: 88
Price discounted from MSRP",CQ0225121
6.222,"DR12WH
Catalog Page: 88
Price discounted from MSRP",DR1211
6.594,"DR12BPT
Catalog Page: 88
Price discounted from MSRP",DR1251
6.594,"DR12ORB
Catalog Page: 88
Price discounted from MSRP",DR1213
10.254,"DR24BPT
Catalog Page: 88
Price discounted from MSRP",DR2451
10.254,"DR24ORB
Catalog Page: 88
Price discounted from MSRP",DR2413
10.254,"DR24WH
Catalog Page: 88
Price discounted from MSRP",DR2411
13.92,"DR36BPT
Catalog Page: 88
Price discounted from MSRP",DR3651
13.92,"DR36CP56
Catalog Page: 88
Price discounted from MSRP",DR36CP56
13.92,"DR36WH
Catalog Page: 88
Price discounted from MSRP",DR3611
13.92,"DR8CP56
Catalog Page: 88
Price discounted from MSRP",DR8CP56
14.178,"DR36CP56CH-TS
Catalog Page: 88
Price discounted from MSRP",DR36CP56CH-TS
16.848,"DR36CP56BK
Catalog Page: 88
Price discounted from MSRP",DR36CP56BK
17.946,"DR36ORB
Catalog Page: 88
Price discounted from MSRP",DR3613
20.514,"DR36CP56HP
Catalog Page: 88
Price discounted from MSRP",DR36CP56HP
38.526,"TWISTER WH
Catalog Page: 88
Price discounted from MSRP",CF3230611S
43.266,"TWISTER BPT
Catalog Page: 88
Price discounted from MSRP",CF3230651S
7.698,"R-B-CPUCLAMP
Catalog Page: 89
Price discounted from MSRP",R-B-CPUCLAMP
11.718,"MC3
Catalog Page: 89
Price discounted from MSRP",CN5041
19.536,"MC5
Catalog Page: 89
Price discounted from MSRP",CN5061
22.788,"CQ004
Catalog Page: 89
Price discounted from MSRP",CQ004
31.254,"MC10
Catalog Page: 89
Price discounted from MSRP",CN5101
32.556,"CQ002
Catalog Page: 89
Price discounted from MSRP",CQ002
32.88,"MC15
Catalog Page: 89
Price discounted from MSRP",CN5151
44.562,"FRMC5
Catalog Page: 89
Price discounted from MSRP",CNFRMC5
161.148,"CP93-56KD
Catalog Page: 89
Price discounted from MSRP",CP93-56KD
55.998,"CP36 F&R
Catalog Page: 92
Price discounted from MSRP",CP361112111
64.458,"CP48 F&R
Catalog Page: 92
Price discounted from MSRP",CP481112114
67.5,"CP36BK
Catalog Page: 92
Price discounted from MSRP",CP36BK
68.364,"CP56 BR
Catalog Page: 92
Price discounted from MSRP",CP561518121
68.364,"CP56 F&R
Catalog Page: 92
Price discounted from MSRP",CP561118111R
68.364,"CP56FRBK
Catalog Page: 92
Price discounted from MSRP",CP56FRBK
72.276,"CP56 C&P
Catalog Page: 92
Price discounted from MSRP",CP561518111
74.4,"CP56WH
Catalog Page: 92
Price discounted from MSRP",CP56WH
77.736,"CP48BK
Catalog Page: 92
Price discounted from MSRP",CP48BK
80.088,"CP56S
Catalog Page: 92
Price discounted from MSRP",CP561136111R
104.832,"CP48HPWP
Catalog Page: 92
Price discounted from MSRP",CP48HPWP
108.084,"CP56HPWP
Catalog Page: 92
Price discounted from MSRP",CP56HPWP
140.64,"CP60HPWP
Catalog Page: 92
Price discounted from MSRP",CP60HPWP
40.8,"BPT12-13H
Catalog Page: 95
Price discounted from MSRP",BPT12-13H
70.2,"BPT18-34A-1
Catalog Page: 95
Price discounted from MSRP",BPT18-34A-1
79.2,"BPT18-54A-1
Catalog Page: 95
Price discounted from MSRP",BPT18-54A-1
57.174,"LCW142A01CH
Catalog Page: 99
Price discounted from MSRP",LCW142A01CH
74.994,"LCW142A02CH
Catalog Page: 99
Price discounted from MSRP",LCW142A02CH
80.19,"LT142A02CH
Catalog Page: 99
Price discounted from MSRP",LT142A02CH
100.236,"LCW142A03CH
Catalog Page: 99
Price discounted from MSRP",LCW142A03CH
100.236,"LT142A03CH
Catalog Page: 99
Price discounted from MSRP",LT142A03CH
124.74,"LT142A04CH
Catalog Page: 99
Price discounted from MSRP",LT142A04CH
56.43,"LCW142A01BK
Catalog Page: 101
Price discounted from MSRP",LCW142A01BK
71.28,"LCW142A02BK
Catalog Page: 101
Price discounted from MSRP",LCW142A02BK
75.738,"LT142A02BK
Catalog Page: 101
Price discounted from MSRP",LT142A02BK
93.558,"LCW142A03BK
Catalog Page: 101
Price discounted from MSRP",LCW142A03BK
95.04,"LT142A03BK
Catalog Page: 101
Price discounted from MSRP",LT142A03BK
115.086,"LT142A04BK
Catalog Page: 101
Price discounted from MSRP",LT142A04BK
63.858,"LCW143A01CH
Catalog Page: 102
Price discounted from MSRP",LCW143A01CH
118.056,"LCW143A03CH
Catalog Page: 102
Price discounted from MSRP",LCW143A03CH
148.5,"LCW143A04CH
Catalog Page: 102
Price discounted from MSRP",LCW143A04CH
26.73,"ICW667A01BK10
Catalog Page: 106
Price discounted from MSRP",ICW667A01BK10
29.7,"ICW667A01BN10
Catalog Page: 106
Price discounted from MSRP",ICW667A01BN10
45.294,"ICW667A02BK10
Catalog Page: 106
Price discounted from MSRP",ICW667A02BK10
51.234,"ICW667A02BN10
Catalog Page: 106
Price discounted from MSRP",ICW667A02BN10
66.084,"ICW667A03BK10
Catalog Page: 106
Price discounted from MSRP",ICW667A03BK10
76.476,"ICW667A03BN10
Catalog Page: 106
Price discounted from MSRP",ICW667A03BN10
53.46,"IT667A02BK10
Catalog Page: 107
Price discounted from MSRP",IT667A02BK10
59.4,"IT667A02BN10
Catalog Page: 107
Price discounted from MSRP",IT667A02BN10
76.476,"IT667A03BK10
Catalog Page: 107
Price discounted from MSRP",IT667A03BK10
83.16,"IT667A03BN10
Catalog Page: 107
Price discounted from MSRP",IT667A03BN10
100.236,"IT667A04BK10
Catalog Page: 107
Price discounted from MSRP",IT667A04BK10
109.89,"IT667A04BN10
Catalog Page: 107
Price discounted from MSRP",IT667A04BN10
20.88,"ICW622A01ORB10
Catalog Page: 109
Price discounted from MSRP",ICW622A01ORB10
36.678,"ICW622A02ORB10
Catalog Page: 109
Price discounted from MSRP",ICW622A02ORB10
42.888,"IT622A02ORB10
Catalog Page: 109
Price discounted from MSRP",IT622A02ORB10
51.354,"ICW622A03ORB10
Catalog Page: 109
Price discounted from MSRP",ICW622A03ORB10
60.378,"IT622A03ORB10
Catalog Page: 109
Price discounted from MSRP",IT622A03ORB10
78.438,"IT622A04ORB10
Catalog Page: 109
Price discounted from MSRP",IT622A04ORB10
20.88,"ICW622A01BN10
Catalog Page: 111
Price discounted from MSRP",ICW622A01BN10
39.504,"ICW622A02BN10
Catalog Page: 111
Price discounted from MSRP",ICW622A02BN10
44.58,"IT622A02BN10
Catalog Page: 111
Price discounted from MSRP",IT622A02BN10
57.558,"ICW622A03BN10
Catalog Page: 111
Price discounted from MSRP",ICW622A03BN10
63.768,"IT622A03BN10
Catalog Page: 111
Price discounted from MSRP",IT622A03BN10
81.822,"IT622A04BN10
Catalog Page: 111
Price discounted from MSRP",IT622A04BN10
36.384,"ICW704A01BKG
Catalog Page: 112
Price discounted from MSRP",ICW704A01BKG
69.054,"ICW704A02BKG
Catalog Page: 112
Price discounted from MSRP",ICW704A02BKG
73.506,"IT704A02BKG
Catalog Page: 112
Price discounted from MSRP",IT704A02BKG
96.528,"ICW704A03BKG
Catalog Page: 112
Price discounted from MSRP",ICW704A03BKG
106.176,"IT704A03BKG
Catalog Page: 112
Price discounted from MSRP",IT704A03BKG
138.108,"IT704A04BKG
Catalog Page: 112
Price discounted from MSRP",IT704A04BKG
26.52,"ICW611A01GPH
Catalog Page: 115
Price discounted from MSRP",ICW611A01GPH
54.738,"IT611A02GPH
Catalog Page: 115
Price discounted from MSRP",IT611A02GPH
73.926,"IT611A03GPH
Catalog Page: 115
Price discounted from MSRP",IT611A03GPH
101.574,"IT611A04GPH
Catalog Page: 115
Price discounted from MSRP",IT611A04GPH
19.542,"ICW477A01CH10
Catalog Page: 116
Price discounted from MSRP",ICW477A01CH10
48.456,"ICW477A03CH10
Catalog Page: 116
Price discounted from MSRP",ICW477A03CH10
52.368,"IT477A03CH10
Catalog Page: 116
Price discounted from MSRP",IT477A03CH10
69.558,"IT477A04CH10
Catalog Page: 116
Price discounted from MSRP",IT477A04CH10
13.698,"ICW391A01BCH10
Catalog Page: 117
Price discounted from MSRP",ICW391A01BCH10
29.814,"IT391A02BCH10
Catalog Page: 117
Price discounted from MSRP",IT391A02BCH10
37.068,"ICW391A03BCH10
Catalog Page: 117
Price discounted from MSRP",ICW391A03BCH10
42.702,"IT391A03BCH10
Catalog Page: 117
Price discounted from MSRP",IT391A03BCH10
108.774,"IT391A06BCH10
Catalog Page: 117
Price discounted from MSRP",IT391A06BCH10
28.92,"ICW406A02BN10
Catalog Page: 118
Price discounted from MSRP",ICW406A02BN10
54.708,"IT406A03BN10
Catalog Page: 118
Price discounted from MSRP",IT406A03BN10
67.998,"IT406A04BN10
Catalog Page: 118
Price discounted from MSRP",IT406A04BN10
33.606,"IT419A02CH10
Catalog Page: 119
Price discounted from MSRP",IT419A02CH10
46.116,"IT419A03CH10
Catalog Page: 119
Price discounted from MSRP",IT419A03CH10
58.62,"IT419A04CH10
Catalog Page: 119
Price discounted from MSRP",IT419A04CH10
9.852,"ICW1711 BPT
Catalog Page: 120
Price discounted from MSRP",ICW171151
9.852,"ICW1711 ORB
Catalog Page: 120
Price discounted from MSRP",ICW171113
20.784,"IT1712 BPT
Catalog Page: 120
Price discounted from MSRP",IT171251
20.784,"IT1712 ORB
Catalog Page: 120
Price discounted from MSRP",IT171213
24.174,"ICW1713 BPT
Catalog Page: 120
Price discounted from MSRP",ICW171351
24.174,"ICW1713 ORB
Catalog Page: 120
Price discounted from MSRP",ICW171313
29.262,"IT1713 BPT
Catalog Page: 120
Price discounted from MSRP",IT171351
29.262,"IT1713 ORB
Catalog Page: 120
Price discounted from MSRP",IT171313
52.776,"IT217A03ORB10
Catalog Page: 121
Price discounted from MSRP",IT217A03ORB10
68.088,"IT217A04ORB10
Catalog Page: 121
Price discounted from MSRP",IT217A04ORB10
8.868,"ICW356A01BPT10
Catalog Page: 122
Price discounted from MSRP",ICW356A01BPT10
8.868,"ICW356A01ORB10
Catalog Page: 122
Price discounted from MSRP",ICW356A01ORB10
20.142,"ICW356A03ORB10
Catalog Page: 122
Price discounted from MSRP",ICW356A03ORB10
22.566,"ICW356A03BPT10
Catalog Page: 122
Price discounted from MSRP",ICW356A03BPT10
17.724,"IT356A02ORB10
Catalog Page: 123
Price discounted from MSRP",IT356A02ORB10
19.332,"IT356A02BPT10
Catalog Page: 123
Price discounted from MSRP",IT356A02BPT10
24.978,"IT356A03ORB10
Catalog Page: 123
Price discounted from MSRP",IT356A03ORB10
26.586,"IT356A03BPT10
Catalog Page: 123
Price discounted from MSRP",IT356A03BPT10
29.01,"IT356A04ORB10
Catalog Page: 123
Price discounted from MSRP",IT356A04ORB10
31.422,"IT356A04BPT10
Catalog Page: 123
Price discounted from MSRP",IT356A04BPT10
11.688,"ICW299A01ORB10
Catalog Page: 124
Price discounted from MSRP",ICW299A01ORB10
37.068,"IT299A03ORB10
Catalog Page: 124
Price discounted from MSRP",IT299A03ORB10
41.496,"IT299A03BPT10
Catalog Page: 124
Price discounted from MSRP",IT299A03BPT10
47.544,"IT299A04ORB10
Catalog Page: 124
Price discounted from MSRP",IT299A04ORB10
53.178,"IT299A04BPT10
Catalog Page: 124
Price discounted from MSRP",IT299A04BPT10
20.142,"ICW359A02BPT9
Catalog Page: 125
Price discounted from MSRP",ICW359A02BPT9
39.48,"IT359A03BPT9
Catalog Page: 125
Price discounted from MSRP",IT359A03BPT9
48.342,"IT359A04BPT9
Catalog Page: 125
Price discounted from MSRP",IT359A04BPT9
12.624,"ICW517A01BN
Catalog Page: 126
Price discounted from MSRP",ICW517A01BN
12.624,"ICW517A01ORB
Catalog Page: 126
Price discounted from MSRP",ICW517A01ORB
22.278,"ICW517A02BN
Catalog Page: 126
Price discounted from MSRP",ICW517A02BN
22.278,"ICW517A02ORB
Catalog Page: 126
Price discounted from MSRP",ICW517A02ORB
34.896,"ICW517A03BN
Catalog Page: 126
Price discounted from MSRP",ICW517A03BN
34.896,"ICW517A03ORB
Catalog Page: 126
Price discounted from MSRP",ICW517A03ORB
26.73,"IT517A02BN
Catalog Page: 127
Price discounted from MSRP",IT517A02BN
40.836,"IT517A03BN
Catalog Page: 127
Price discounted from MSRP",IT517A03BN
40.836,"IT517A03ORB
Catalog Page: 127
Price discounted from MSRP",IT517A03ORB
51.234,"IT517A04BN
Catalog Page: 127
Price discounted from MSRP",IT517A04BN
51.234,"IT517A04ORB
Catalog Page: 127
Price discounted from MSRP",IT517A04ORB
11.694,"ICW91 BPT
Catalog Page: 128
Price discounted from MSRP",ICW9151
11.694,"ICW91 ORB
Catalog Page: 128
Price discounted from MSRP",ICW9113
16.896,"ICW92 BPT
Catalog Page: 128
Price discounted from MSRP",ICW9251
16.896,"ICW92 ORB
Catalog Page: 128
Price discounted from MSRP",ICW9213
28.158,"ICW93 BPT
Catalog Page: 128
Price discounted from MSRP",ICW9351
28.158,"ICW93 ORB
Catalog Page: 128
Price discounted from MSRP",ICW9313
23.394,"IT92 BPT
Catalog Page: 129
Price discounted from MSRP",IT9251
23.394,"IT92 ORB
Catalog Page: 129
Price discounted from MSRP",IT9213
33.786,"IT93 BPT
Catalog Page: 129
Price discounted from MSRP",IT9351
33.786,"IT93 ORB
Catalog Page: 129
Price discounted from MSRP",IT9313
38.556,"IT94 BPT
Catalog Page: 129
Price discounted from MSRP",IT9451
38.556,"IT94 ORB
Catalog Page: 129
Price discounted from MSRP",IT9413
10.398,"ICW51 WH
Catalog Page: 130
Price discounted from MSRP",ICW5111
12.996,"ICW51 BPT
Catalog Page: 130
Price discounted from MSRP",ICW5151
17.328,"ICW52 WH
Catalog Page: 130
Price discounted from MSRP",ICW5211
18.624,"ICW52 AB
Catalog Page: 130
Price discounted from MSRP",ICW5201
18.624,"ICW52 BPT
Catalog Page: 130
Price discounted from MSRP",ICW5251
22.524,"IT52 WH
Catalog Page: 131
Price discounted from MSRP",IT5211
26.856,"IT52 BPT
Catalog Page: 131
Price discounted from MSRP",IT5251
28.158,"ICW53 WH
Catalog Page: 131
Price discounted from MSRP",ICW5311
32.058,"ICW53 AB
Catalog Page: 131
Price discounted from MSRP",ICW5301
32.058,"ICW53 BPT
Catalog Page: 131
Price discounted from MSRP",ICW5351
34.656,"IT53 WH
Catalog Page: 131
Price discounted from MSRP",IT5311
37.254,"IT53 AB
Catalog Page: 131
Price discounted from MSRP",IT5301
37.254,"IT53 BPT
Catalog Page: 131
Price discounted from MSRP",IT5351
45.486,"IT54 BPT
Catalog Page: 131
Price discounted from MSRP",IT5451
85.386,"LVL113A24BN
Catalog Page: 134
Price discounted from MSRP",LVL113A24BN
101.724,"LVL113A36BN
Catalog Page: 134
Price discounted from MSRP",LVL113A36BN
121.026,"LVL135A19BK
Catalog Page: 135
Price discounted from MSRP",LVL135A19BK
128.454,"LVL135A19BN
Catalog Page: 135
Price discounted from MSRP",LVL135A19BN
159.636,"LVL135A36BK
Catalog Page: 135
Price discounted from MSRP",LVL135A36BK
167.064,"LVL135A36BN
Catalog Page: 135
Price discounted from MSRP",LVL135A36BN
103.206,"LVL115A18CH
Catalog Page: 136
Price discounted from MSRP",LVL115A18CH
135.876,"LVL115A36CH
Catalog Page: 136
Price discounted from MSRP",LVL115A36CH
34.158,"IVL703A01CH
Catalog Page: 140
Price discounted from MSRP",IVL703A01CH
58.656,"IVL703A02CH
Catalog Page: 140
Price discounted from MSRP",IVL703A02CH
80.19,"IVL703A03CH
Catalog Page: 140
Price discounted from MSRP",IVL703A03CH
100.98,"IVL703A04CH
Catalog Page: 140
Price discounted from MSRP",IVL703A04CH
41.58,"IVL703A01GD
Catalog Page: 141
Price discounted from MSRP",IVL703A01GD
74.25,"IVL703A02GD
Catalog Page: 141
Price discounted from MSRP",IVL703A02GD
98.01,"IVL703A03GD
Catalog Page: 141
Price discounted from MSRP",IVL703A03GD
129.936,"IVL703A04GD
Catalog Page: 141
Price discounted from MSRP",IVL703A04GD
32.67,"IVL705A01BK
Catalog Page: 142
Price discounted from MSRP",IVL705A01BK
62.37,"IVL705A02BK
Catalog Page: 142
Price discounted from MSRP",IVL705A02BK
92.07,"IVL705A03BK
Catalog Page: 142
Price discounted from MSRP",IVL705A03BK
116.574,"IVL705A04BK
Catalog Page: 142
Price discounted from MSRP",IVL705A04BK
76.476,"IVL682A02BK
Catalog Page: 147
Price discounted from MSRP",IVL682A02BK
84.648,"IVL682A02CH
Catalog Page: 147
Price discounted from MSRP",IVL682A02CH
107.664,"IVL682A03BK
Catalog Page: 147
Price discounted from MSRP",IVL682A03BK
117.318,"IVL682A03CH
Catalog Page: 147
Price discounted from MSRP",IVL682A03CH
136.62,"IVL682A04BK
Catalog Page: 147
Price discounted from MSRP",IVL682A04BK
148.5,"IVL682A04CH
Catalog Page: 147
Price discounted from MSRP",IVL682A04CH
40.632,"IVL628A01BN
Catalog Page: 148
Price discounted from MSRP",IVL628A01BN
80.13,"IVL628A02BN
Catalog Page: 148
Price discounted from MSRP",IVL628A02BN
99.792,"IVL628A03BN
Catalog Page: 148
Price discounted from MSRP",IVL628A03BN
129.42,"IVL628A04BN
Catalog Page: 148
Price discounted from MSRP",IVL628A04BN
52.368,"IVL408A02BN
Catalog Page: 149
Price discounted from MSRP",IVL408A02BN
73.47,"IVL408A03BN
Catalog Page: 149
Price discounted from MSRP",IVL408A03BN
96.918,"IVL408A04BN
Catalog Page: 149
Price discounted from MSRP",IVL408A04BN
28.134,"IVL429A01CH
Catalog Page: 150
Price discounted from MSRP",IVL429A01CH
53.148,"IVL429A02CH
Catalog Page: 150
Price discounted from MSRP",IVL429A02CH
74.25,"IVL429A03CH
Catalog Page: 150
Price discounted from MSRP",IVL429A03CH
93.792,"IVL429A04CH
Catalog Page: 150
Price discounted from MSRP",IVL429A04CH
45.12,"IVL257A02BPT
Catalog Page: 151
Price discounted from MSRP",IVL257A02BPT
45.12,"IVL257A02CH
Catalog Page: 151
Price discounted from MSRP",IVL257A02CH
63.654,"IVL257A03BPT
Catalog Page: 151
Price discounted from MSRP",IVL257A03BPT
63.654,"IVL257A03CH
Catalog Page: 151
Price discounted from MSRP",IVL257A03CH
28.134,"IVL472A01ORB
Catalog Page: 152
Price discounted from MSRP",IVL472A01ORB
55.494,"IVL472A02ORB
Catalog Page: 152
Price discounted from MSRP",IVL472A02ORB
75.816,"IVL472A03ORB
Catalog Page: 152
Price discounted from MSRP",IVL472A03ORB
96.132,"IVL472A04ORB
Catalog Page: 152
Price discounted from MSRP",IVL472A04ORB
31.266,"IVL472A01BN
Catalog Page: 153
Price discounted from MSRP",IVL472A01BN
59.4,"IVL472A02BN
Catalog Page: 153
Price discounted from MSRP",IVL472A02BN
82.068,"IVL472A03BN
Catalog Page: 153
Price discounted from MSRP",IVL472A03BN
103.95,"IVL472A04BN
Catalog Page: 153
Price discounted from MSRP",IVL472A04BN
30.618,"IVL370A01BPT
Catalog Page: 154
Price discounted from MSRP",IVL370A01BPT
54.792,"IVL370A02BPT
Catalog Page: 154
Price discounted from MSRP",IVL370A02BPT
70.098,"IVL370A03BPT
Catalog Page: 154
Price discounted from MSRP",IVL370A03BPT
93.558,"IVL370A04BPT
Catalog Page: 154
Price discounted from MSRP",IVL370A04BPT
50.802,"IVL370A02ORB-O
Catalog Page: 155
Price discounted from MSRP",IVL370A02ORB-O
57.054,"IVL370A02CH-O
Catalog Page: 155
Price discounted from MSRP",IVL370A02CH-O
68.778,"IVL370A03ORB-O
Catalog Page: 155
Price discounted from MSRP",IVL370A03ORB-O
73.47,"IVL370A03CH-O
Catalog Page: 155
Price discounted from MSRP",IVL370A03CH-O
86.754,"IVL370A04ORB-O
Catalog Page: 155
Price discounted from MSRP",IVL370A04ORB-O
96.132,"IVL370A04CH-O
Catalog Page: 155
Price discounted from MSRP",IVL370A04CH-O
19.746,"IVL259A01BPT
Catalog Page: 156
Price discounted from MSRP",IVL259A01BPT
19.746,"IVL259A01CH
Catalog Page: 156
Price discounted from MSRP",IVL259A01CH
19.746,"IVL259A01ORB
Catalog Page: 156
Price discounted from MSRP",IVL259A01ORB
36.666,"IVL259A02BPT
Catalog Page: 156
Price discounted from MSRP",IVL259A02BPT
36.666,"IVL259A02CH
Catalog Page: 156
Price discounted from MSRP",IVL259A02CH
36.666,"IVL259A02ORB
Catalog Page: 156
Price discounted from MSRP",IVL259A02ORB
58.818,"IVL259A03BPT
Catalog Page: 156
Price discounted from MSRP",IVL259A03BPT
58.818,"IVL259A03CH
Catalog Page: 156
Price discounted from MSRP",IVL259A03CH
58.818,"IVL259A03ORB
Catalog Page: 156
Price discounted from MSRP",IVL259A03ORB
39.888,"IVL221A02BPT
Catalog Page: 157
Price discounted from MSRP",IVL221A02BPT
49.626,"IVL220A02CH
Catalog Page: 157
Price discounted from MSRP",IVL220A02CH
56.808,"IVL221A03BPT
Catalog Page: 157
Price discounted from MSRP",IVL221A03BPT
69.174,"IVL220A03CH
Catalog Page: 157
Price discounted from MSRP",IVL220A03CH
72.114,"IVL221A04BPT
Catalog Page: 157
Price discounted from MSRP",IVL221A04BPT
89.88,"IVL220A04CH
Catalog Page: 157
Price discounted from MSRP",IVL220A04CH
32.046,"IVL422A01BN
Catalog Page: 158
Price discounted from MSRP",IVL422A01BN
66.432,"IVL422A02BN
Catalog Page: 158
Price discounted from MSRP",IVL422A02BN
94.572,"IVL422A03BN
Catalog Page: 158
Price discounted from MSRP",IVL422A03BN
9.666,"IVLBS13 WH
Catalog Page: 159
Price discounted from MSRP",IVLBS1311
11.688,"IVLBS13 BPT
Catalog Page: 159
Price discounted from MSRP",IVLBS1351
11.688,"IVLBS13 CH
Catalog Page: 159
Price discounted from MSRP",IVLBS1307
12.486,"IVLBS14 WH
Catalog Page: 159
Price discounted from MSRP",IVLBS1411
15.714,"IVLBS14 BPT
Catalog Page: 159
Price discounted from MSRP",IVLBS1451
15.714,"IVLBS14 CH
Catalog Page: 159
Price discounted from MSRP",IVLBS1407
23.364,"IVLBS16 BPT
Catalog Page: 159
Price discounted from MSRP",IVLBS1651
69.972,"IVL625A02BN
Catalog Page: 160
Price discounted from MSRP",IVL625A02BN
84.72,"IVL625A03BN
Catalog Page: 160
Price discounted from MSRP",IVL625A03BN
135.138,"LVL106A03CH
Catalog Page: 160
Price discounted from MSRP",LVL106A03CH
37.518,"IVL202 BPT
Catalog Page: 161
Price discounted from MSRP",IVL20251
42.984,"IVL424A02ORB
Catalog Page: 161
Price discounted from MSRP",IVL424A02ORB
49.626,"IVL203 BPT
Catalog Page: 161
Price discounted from MSRP",IVL20351
52.374,"IVL363A02ORB
Catalog Page: 161
Price discounted from MSRP",IVL363A02ORB
61.746,"IVL424A03ORB
Catalog Page: 161
Price discounted from MSRP",IVL424A03ORB
69.3,"IVL363A03ORB
Catalog Page: 161
Price discounted from MSRP",IVL363A03ORB
51.966,"IVL302 BPT/CH
Catalog Page: 162
Price discounted from MSRP",IVL30273
53.496,"EFV824217
Catalog Page: 162
Price discounted from MSRP",EFV824217
63.378,"EFV836225
Catalog Page: 162
Price discounted from MSRP",EFV836225
72.918,"IVL303 BPT/CH
Catalog Page: 162
Price discounted from MSRP",IVL30373
93.468,"IVL902A03313BPT
Catalog Page: 162
Price discounted from MSRP",IVL902A03313BPT
96.3,"EFV848232C
Catalog Page: 162
Price discounted from MSRP",EFV848232C
8.508,"IVL1 WH
Catalog Page: 163
Price discounted from MSRP",IVL111
12.984,"IVL2 WH
Catalog Page: 163
Price discounted from MSRP",IVL211
64.872,"IVL428A03BN
Catalog Page: 163
Price discounted from MSRP",IVL428A03BN
88.356,"IVL584A03BN9
Catalog Page: 163
Price discounted from MSRP",IVL584A03BN9
161.868,"ICH282B05ORB25
Catalog Page: 167
Price discounted from MSRP",ICH282B05ORB25
175.974,"ICH282B05CH25
Catalog Page: 167
Price discounted from MSRP",ICH282B05CH25
177.456,"ICH282B05BKN25
Catalog Page: 167
Price discounted from MSRP",ICH282B05BKN25
182.658,"ICH282B05BKG25
Catalog Page: 167
Price discounted from MSRP",ICH282B05BKG25
135.876,"ICH182B04BK18
Catalog Page: 168
Price discounted from MSRP",ICH182B04BK18
140.682,"ICH182B04BN18
Catalog Page: 168
Price discounted from MSRP",ICH182B04BN18
178.2,"ICH182B06BK22
Catalog Page: 168
Price discounted from MSRP",ICH182B06BK22
190.08,"ICH182B06BN22
Catalog Page: 168
Price discounted from MSRP",ICH182B06BN22
217.554,"LCH128A24BK
Catalog Page: 172
Price discounted from MSRP",LCH128A24BK
217.554,"LCH128A24WH
Catalog Page: 172
Price discounted from MSRP",LCH128A24WH
126.966,"LCH133A48BK
Catalog Page: 173
Price discounted from MSRP",LCH133A48BK
127.71,"LCH133A48AL
Catalog Page: 173
Price discounted from MSRP",LCH133A48AL
129.198,"LCH146A37BK
Catalog Page: 173
Price discounted from MSRP",LCH146A37BK
190.08,"ICH503B06BKG9
Catalog Page: 175
Price discounted from MSRP",ICH503B06BKG9
206.418,"ICH503B06BKC9
Catalog Page: 175
Price discounted from MSRP",ICH503B06BKC9
148.5,"ICH709A03GD15
Catalog Page: 176
Price discounted from MSRP",ICH709A03GD15
152.958,"ICH709A06GD25
Catalog Page: 176
Price discounted from MSRP",ICH709A06GD25
207.156,"ICH586A05CH
Catalog Page: 176
Price discounted from MSRP",ICH586A05CH
84.408,"ICH172B03CH10
Catalog Page: 177
Price discounted from MSRP",ICH172B03CH10
95.364,"ICH172B03BN10
Catalog Page: 177
Price discounted from MSRP",ICH172B03BN10
122.514,"ICH501B04BKZ20
Catalog Page: 179
Price discounted from MSRP",ICH501B04BKZ20
62.844,"RICHAN65315BN
Catalog Page: 180
Price discounted from MSRP",RICHAN65315BN
114.894,"ICH171B05WH
Catalog Page: 181
Price discounted from MSRP",ICH171B05WH
139.902,"ICH438A05CH18
Catalog Page: 181
Price discounted from MSRP",ICH438A05CH18
80.502,"ICH426A03CH16
Catalog Page: 182
Price discounted from MSRP",ICH426A03CH16
86.13,"ICH277B03WH15
Catalog Page: 182
Price discounted from MSRP",ICH277B03WH15
93.792,"ICH173B03BN18
Catalog Page: 182
Price discounted from MSRP",ICH173B03BN18
147.456,"ICH135B04CH
Catalog Page: 182
Price discounted from MSRP",ICH135B04CH
80.934,"LPL103A01BK
Catalog Page: 185
Price discounted from MSRP",LPL103A01BK
38.61,"IPL346B01BN9
Catalog Page: 186
Price discounted from MSRP",IPL346B01BN9
83.16,"IPL346B03BN9
Catalog Page: 186
Price discounted from MSRP",IPL346B03BN9
174.486,"IPL346B07BN9
Catalog Page: 186
Price discounted from MSRP",IPL346B07BN9
42.324,"IPL683A01GD9
Catalog Page: 187
Price discounted from MSRP",IPL683A01GD9
175.23,"ICH683A07GD9
Catalog Page: 187
Price discounted from MSRP",ICH683A07GD9
276.21,"ICH683A12GD9
Catalog Page: 187
Price discounted from MSRP",ICH683A12GD9
80.934,"IPL298B01ORB-L
Catalog Page: 188
Price discounted from MSRP",IPL298B01ORB-L
84.648,"IPL298B01BN-L
Catalog Page: 188
Price discounted from MSRP",IPL298B01BN-L
49.008,"IPL276B01CH
Catalog Page: 191
Price discounted from MSRP",IPL276B01CH
137.364,"IPL586A03CH
Catalog Page: 191
Price discounted from MSRP",IPL586A03CH
35.454,"IPL379A01BPT
Catalog Page: 195
Price discounted from MSRP",IPL379A01BPT
104.742,"IPL379A03BPT
Catalog Page: 195
Price discounted from MSRP",IPL379A03BPT
32.232,"IPL131 BPT
Catalog Page: 196
Price discounted from MSRP",IPL13151
41.088,"IPL392A01CH
Catalog Page: 196
Price discounted from MSRP",IPL392A01CH
66.876,"IPL133 BPT
Catalog Page: 196
Price discounted from MSRP",IPL13351
110.388,"IPL392A03CH
Catalog Page: 196
Price discounted from MSRP",IPL392A03CH
92.814,"IPL447B01BZB
Catalog Page: 197
Price discounted from MSRP",IPL447B01BZB
158.526,"IPL379B03BK16
Catalog Page: 197
Price discounted from MSRP",IPL379B03BK16
164.094,"IPL379B03WHG16
Catalog Page: 197
Price discounted from MSRP",IPL379B03WHG16
47.964,"IPL628A01ORB
Catalog Page: 198
Price discounted from MSRP",IPL628A01ORB
55.302,"IPL628A01BN
Catalog Page: 198
Price discounted from MSRP",IPL628A01BN
74.934,"IPL320A01ORB9
Catalog Page: 199
Price discounted from MSRP",IPL320A01ORB9
42.204,"IPL177B01ORB
Catalog Page: 200
Price discounted from MSRP",IPL177B01ORB
45.33,"IPL177B01BN
Catalog Page: 200
Price discounted from MSRP",IPL177B01BN
49.242,"IPL177B01BN-L
Catalog Page: 200
Price discounted from MSRP",IPL177B01BN-L
43.068,"IPL351B01ORB
Catalog Page: 201
Price discounted from MSRP",IPL351B01ORB
54.204,"IPL344B01ORB
Catalog Page: 201
Price discounted from MSRP",IPL344B01ORB
84.648,"IPL574A01ORB
Catalog Page: 201
Price discounted from MSRP",IPL574A01ORB
82.848,"IPL179B01ORB
Catalog Page: 202
Price discounted from MSRP",IPL179B01ORB
59.814,"IPL409B01BKA
Catalog Page: 203
Price discounted from MSRP",IPL409B01BKA
60.18,"IPL183B01BK
Catalog Page: 203
Price discounted from MSRP",IPL183B01BK
35.454,"IPL305A01BPT
Catalog Page: 204
Price discounted from MSRP",IPL305A01BPT
44.55,"IPL575A01BN
Catalog Page: 204
Price discounted from MSRP",IPL575A01BN
45.294,"IPL531A01BN
Catalog Page: 204
Price discounted from MSRP",IPL531A01BN
91.854,"IPL174B01CH
Catalog Page: 204
Price discounted from MSRP",IPL174B01CH
35.454,"IPL326A01BPT
Catalog Page: 205
Price discounted from MSRP",IPL326A01BPT
37.866,"IPL125B01CH
Catalog Page: 206
Price discounted from MSRP",IPL125B01CH
47.544,"IST184B01CH10
Catalog Page: 206
Price discounted from MSRP",IST184B01CH10
67.218,"IPL178B01CH9
Catalog Page: 206
Price discounted from MSRP",IPL178B01CH9
67.716,"IPL614A01WH
Catalog Page: 206
Price discounted from MSRP",IPL614A01WH
97.716,"IPL404B01BN
Catalog Page: 206
Price discounted from MSRP",IPL404B01BN
28.956,"DL-525-12AC-BN
Catalog Page: 208
Price discounted from MSRP",DL-525-12AC-BN
30.444,"DL-525-12BC-BN
Catalog Page: 208
Price discounted from MSRP",DL-525-12BC-BN
39.354,"DL-75-17AC-BN
Catalog Page: 208
Price discounted from MSRP",DL-75-17AC-BN
42.324,"DL-75-17BC-BN
Catalog Page: 208
Price discounted from MSRP",DL-75-17BC-BN
60.144,"LFM127A07BK
Catalog Page: 209
Price discounted from MSRP",LFM127A07BK
63.114,"LFM127A07BN
Catalog Page: 209
Price discounted from MSRP",LFM127A07BN
63.858,"LFM127A09BK
Catalog Page: 209
Price discounted from MSRP",LFM127A09BK
69.054,"LFM127A09BN
Catalog Page: 209
Price discounted from MSRP",LFM127A09BN
109.146,"LFM127A14BK
Catalog Page: 209
Price discounted from MSRP",LFM127A14BK
118.056,"LFM127A14BN
Catalog Page: 209
Price discounted from MSRP",LFM127A14BN
31.188,"LED-SM55DL-WT-C
Catalog Page: 210
Price discounted from MSRP",LED-SM55DL-WT-C
32.67,"LED-SM55DL-ORB-C
Catalog Page: 210
Price discounted from MSRP",LED-SM55DL-ORB-C
33.414,"LED-SM55DL-BN-C
Catalog Page: 210
Price discounted from MSRP",LED-SM55DL-BN-C
35.64,"LED-SM7DL-WT-C
Catalog Page: 210
Price discounted from MSRP",LED-SM7DL-WT-C
37.128,"LED-SM7DL-ORB-C
Catalog Page: 210
Price discounted from MSRP",LED-SM7DL-ORB-C
37.866,"LED-SM7DL-BN-C
Catalog Page: 210
Price discounted from MSRP",LED-SM7DL-BN-C
47.52,"LED-SM11DL-WT-C
Catalog Page: 210
Price discounted from MSRP",LED-SM11DL-WT-C
49.008,"LED-SM11DL-ORB-C
Catalog Page: 210
Price discounted from MSRP",LED-SM11DL-ORB-C
50.49,"LED-SM11DL-BN-C
Catalog Page: 210
Price discounted from MSRP",LED-SM11DL-BN-C
66.084,"LED-SM15DL-WT-C
Catalog Page: 210
Price discounted from MSRP",LED-SM15DL-WT-C
68.31,"LED-SM15DL-ORB-C
Catalog Page: 210
Price discounted from MSRP",LED-SM15DL-ORB-C
70.536,"LED-SM15DL-BN-C
Catalog Page: 210
Price discounted from MSRP",LED-SM15DL-BN-C
34.896,"LED-SM63DL-WT-C
Catalog Page: 211
Price discounted from MSRP",LED-SM63DL-WT-C
36.384,"LED-SM63DL-ORB-C
Catalog Page: 211
Price discounted from MSRP",LED-SM63DL-ORB-C
37.128,"LED-SM63DL-BN-C
Catalog Page: 211
Price discounted from MSRP",LED-SM63DL-BN-C
39.354,"LED-SM8DL-WT-C
Catalog Page: 211
Price discounted from MSRP",LED-SM8DL-WT-C
40.836,"LED-SM8DL-ORB-C
Catalog Page: 211
Price discounted from MSRP",LED-SM8DL-ORB-C
41.58,"LED-SM8DL-BN-C
Catalog Page: 211
Price discounted from MSRP",LED-SM8DL-BN-C
51.978,"LEDS-SM11DL-WT-C
Catalog Page: 211
Price discounted from MSRP",LEDS-SM11DL-WT-C
54.204,"LEDS-SM11DL-ORB-C
Catalog Page: 211
Price discounted from MSRP",LEDS-SM11DL-ORB-C
55.686,"LEDS-SM11DL-BN-C
Catalog Page: 211
Price discounted from MSRP",LEDS-SM11DL-BN-C
75.738,"LEDS-SM15DL-WT-C
Catalog Page: 211
Price discounted from MSRP",LEDS-SM15DL-WT-C
77.964,"LEDS-SM15DL-ORB-C
Catalog Page: 211
Price discounted from MSRP",LEDS-SM15DL-ORB-C
80.19,"LEDS-SM15DL-BN-C
Catalog Page: 211
Price discounted from MSRP",LEDS-SM15DL-BN-C
69.798,"LFM112A13CH
Catalog Page: 212
Price discounted from MSRP",LFM112A13CH
69.798,"LFM112A13ORB
Catalog Page: 212
Price discounted from MSRP",LFM112A13ORB
71.28,"LFM112A13BN
Catalog Page: 212
Price discounted from MSRP",LFM112A13BN
71.28,"LFM112A13BN-4000K
Catalog Page: 212
Price discounted from MSRP",LFM112A13BN-4000K
83.904,"LFM112A16CH
Catalog Page: 212
Price discounted from MSRP",LFM112A16CH
83.904,"LFM112A16ORB
Catalog Page: 212
Price discounted from MSRP",LFM112A16ORB
84.648,"LFM112A16BN
Catalog Page: 212
Price discounted from MSRP",LFM112A16BN
100.98,"LFM112A19CH
Catalog Page: 212
Price discounted from MSRP",LFM112A19CH
100.98,"LFM112A19ORB
Catalog Page: 212
Price discounted from MSRP",LFM112A19ORB
103.206,"LFM112A19BN
Catalog Page: 212
Price discounted from MSRP",LFM112A19BN
103.206,"LFM112A19BN-4000K
Catalog Page: 212
Price discounted from MSRP",LFM112A19BN-4000K
44.46,"LED-SM4DL-WT-C
Catalog Page: 213
Price discounted from MSRP",LED-SM4DL-WT-C
49.29,"LED-SM6DL-WT-C
Catalog Page: 213
Price discounted from MSRP",LED-SM6DL-WT-C
49.734,"LED-SM4DL-BN-C
Catalog Page: 213
Price discounted from MSRP",LED-SM4DL-BN-C
49.734,"LED-SM4DL-ORB-C
Catalog Page: 213
Price discounted from MSRP",LED-SM4DL-ORB-C
55.896,"LED-SM6DL-BN-C
Catalog Page: 213
Price discounted from MSRP",LED-SM6DL-BN-C
55.896,"LED-SM6DL-ORB-C
Catalog Page: 213
Price discounted from MSRP",LED-SM6DL-ORB-C
60.144,"LED-SM9DL-WT-C
Catalog Page: 213
Price discounted from MSRP",LED-SM9DL-WT-C
81.678,"LFM116A12BN
Catalog Page: 214
Price discounted from MSRP",LFM116A12BN
112.116,"LFM116A16BN
Catalog Page: 214
Price discounted from MSRP",LFM116A16BN
79.722,"IFM237B12ORB9
Catalog Page: 215
Price discounted from MSRP",IFM237B12ORB9
82.416,"IFM459B13ORB
Catalog Page: 215
Price discounted from MSRP",IFM459B13ORB
84.648,"IFM459B13BN
Catalog Page: 215
Price discounted from MSRP",IFM459B13BN
85.194,"IFM237B12CH9
Catalog Page: 215
Price discounted from MSRP",IFM237B12CH9
54.792,"IFM286A16ORB
Catalog Page: 219
Price discounted from MSRP",IFM286A16ORB
68.49,"ISF286A03ORB
Catalog Page: 219
Price discounted from MSRP",ISF286A03ORB
27.396,"RIFM6512BN
Catalog Page: 222
Price discounted from MSRP",RIFM6512BN
49.956,"RISF65315BN
Catalog Page: 222
Price discounted from MSRP",RISF65315BN
67.566,"LFM102A13BN
Catalog Page: 223
Price discounted from MSRP",LFM102A13BN
73.506,"IFM440B16BK
Catalog Page: 223
Price discounted from MSRP",IFM440B16BK
91.326,"LFM101A13CH
Catalog Page: 223
Price discounted from MSRP",LFM101A13CH
12.954,"IFM710 ORB
Catalog Page: 224
Price discounted from MSRP",IFM71013
14.502,"ICHANC71 ORB
Catalog Page: 224
Price discounted from MSRP",ICHANC7113
46.734,"RIFM115BPT
Catalog Page: 225
Price discounted from MSRP",RIFM11551
59.4,"IFM835B13213-C
Catalog Page: 225
Price discounted from MSRP",IFM835B13213-C
60.144,"IFM173B12CH
Catalog Page: 225
Price discounted from MSRP",IFM173B12CH
62.526,"IFM444A15CH
Catalog Page: 225
Price discounted from MSRP",IFM444A15CH
8.868,"ICL7 WH
Catalog Page: 226
Price discounted from MSRP",ICL711
10.476,"IFM137 WH
Catalog Page: 226
Price discounted from MSRP",IFM13711
14.1,"ICL14 CH
Catalog Page: 226
Price discounted from MSRP",ICL1407
17.076,"IFM137BN
Catalog Page: 226
Price discounted from MSRP",IFM137BN
77.376,"IFM432A15CH
Catalog Page: 226
Price discounted from MSRP",IFM432A15CH
18.132,"IFM1612BPT
Catalog Page: 227
Price discounted from MSRP",IFM161251
18.132,"IFM1612ORB
Catalog Page: 227
Price discounted from MSRP",IFM161213
18.132,"IFM1612WH
Catalog Page: 227
Price discounted from MSRP",IFM161211
26.73,"IFM1612BPT-O
Catalog Page: 227
Price discounted from MSRP",IFM161251-O
26.73,"IFM1612ORB-O
Catalog Page: 227
Price discounted from MSRP",IFM161213-O
30.21,"IFM1616BPT
Catalog Page: 227
Price discounted from MSRP",IFM161651
30.21,"IFM1616ORB
Catalog Page: 227
Price discounted from MSRP",IFM161613
31.422,"IFM1612TBPT
Catalog Page: 227
Price discounted from MSRP",IFM161251T
31.422,"IFM1612TORB
Catalog Page: 227
Price discounted from MSRP",IFM161213T
37.518,"IFM1616BPT-O
Catalog Page: 227
Price discounted from MSRP",IFM161651-O
37.518,"IFM1616ORB-O
Catalog Page: 227
Price discounted from MSRP",IFM161613-O
12.12,"IFM311 BPT
Catalog Page: 228
Price discounted from MSRP",IFM31151N
12.12,"IFM311 WH
Catalog Page: 228
Price discounted from MSRP",IFM31111N
12.9,"IFM411 WH
Catalog Page: 228
Price discounted from MSRP",IFM41111
12.9,"IFM411BN
Catalog Page: 228
Price discounted from MSRP",IFM411BN
17.976,"IFM313 BPT
Catalog Page: 228
Price discounted from MSRP",IFM31351N
17.976,"IFM313 WH
Catalog Page: 228
Price discounted from MSRP",IFM31311N
19.542,"IFM413 ORB
Catalog Page: 228
Price discounted from MSRP",IFM41313
19.542,"IFM413 WH
Catalog Page: 228
Price discounted from MSRP",IFM41311
19.542,"IFM413BN
Catalog Page: 228
Price discounted from MSRP",IFM413BN
29.7,"IFM415 ORB
Catalog Page: 228
Price discounted from MSRP",IFM41513
29.7,"IFM415BN
Catalog Page: 228
Price discounted from MSRP",IFM415BN
79.524,"IFM411B14BK
Catalog Page: 228
Price discounted from MSRP",IFM411B14BK
11.688,"IFM211 BP
Catalog Page: 229
Price discounted from MSRP",IFM21103N
11.688,"IFM211 BPT
Catalog Page: 229
Price discounted from MSRP",IFM21151
11.688,"IFM211 ORB
Catalog Page: 229
Price discounted from MSRP",IFM21113
11.688,"IFM211 WH
Catalog Page: 229
Price discounted from MSRP",IFM21111N
17.196,"IFM213 BP
Catalog Page: 229
Price discounted from MSRP",IFM21303N
17.196,"IFM213 BPT
Catalog Page: 229
Price discounted from MSRP",IFM21351
17.196,"IFM213 ORB
Catalog Page: 229
Price discounted from MSRP",IFM21313
17.196,"IFM213 WH
Catalog Page: 229
Price discounted from MSRP",IFM21311N
19.542,"IFM211T BP
Catalog Page: 229
Price discounted from MSRP",IFM21103T
19.542,"IFM211T BPT
Catalog Page: 229
Price discounted from MSRP",IFM21151T
19.542,"IFM211T ORB
Catalog Page: 229
Price discounted from MSRP",IFM21113T
19.542,"IFM211T WH
Catalog Page: 229
Price discounted from MSRP",IFM21111T
8.868,"ICL9 WH
Catalog Page: 230
Price discounted from MSRP",ICL911
9.666,"ICL9 AB
Catalog Page: 230
Price discounted from MSRP",ICL901
11.724,"IFM59 WH
Catalog Page: 230
Price discounted from MSRP",IFM5911
12.624,"ICL9BN
Catalog Page: 230
Price discounted from MSRP",ICL9BN
14.07,"IFM59 BPT
Catalog Page: 230
Price discounted from MSRP",IFM5951
14.07,"IFM59CH
Catalog Page: 230
Price discounted from MSRP",IFM59CH
14.106,"ICL9WHW
Catalog Page: 230
Price discounted from MSRP",ICL9WHW
39.354,"LWL147A13BN
Catalog Page: 232
Price discounted from MSRP",LWL147A13BN
39.354,"LWL147A13ORB
Catalog Page: 232
Price discounted from MSRP",LWL147A13ORB
34.158,"ICW502B01BKN10
Catalog Page: 233
Price discounted from MSRP",ICW502B01BKN10
42.324,"IWF668A01WHB
Catalog Page: 233
Price discounted from MSRP",IWF668A01WHB
47.52,"IWL505B01BK
Catalog Page: 233
Price discounted from MSRP",IWL505B01BK
96.528,"LWF141A01BK
Catalog Page: 233
Price discounted from MSRP",LWF141A01BK
33.606,"IWF1D BPT
Catalog Page: 234
Price discounted from MSRP",IWF151D
35.856,"IWF1D ORB
Catalog Page: 234
Price discounted from MSRP",IWF113D
57.834,"IVL238B01ORB
Catalog Page: 235
Price discounted from MSRP",IVL238B01ORB
62.526,"IVL238B01BN
Catalog Page: 235
Price discounted from MSRP",IVL238B01BN
28.956,"ICW668A01BKZ
Catalog Page: 236
Price discounted from MSRP",ICW668A01BKZ
43.806,"IWF346B02BK9
Catalog Page: 236
Price discounted from MSRP",IWF346B02BK9
66.828,"IWF582A01BK
Catalog Page: 236
Price discounted from MSRP",IWF582A01BK
18.624,"IWL415B07GY
Catalog Page: 238
Price discounted from MSRP",IWL415B07GY
20.046,"IWF084BN
Catalog Page: 238
Price discounted from MSRP",IWF084BN
22.158,"IWL40
Catalog Page: 238
Price discounted from MSRP",IWL40
24.978,"RIWL1 BPT
Catalog Page: 238
Price discounted from MSRP",RIWL151
17.724,"IWL150B12BPT
Catalog Page: 239
Price discounted from MSRP",IWL150B12BPT
28.134,"IWL228B01CH
Catalog Page: 239
Price discounted from MSRP",IWL228B01CH
31.422,"IWL118B12BPT
Catalog Page: 239
Price discounted from MSRP",IWL118B12BPT
100.236,"LTL128A23BK
Catalog Page: 242
Price discounted from MSRP",LTL128A23BK
127.71,"LFL128A62BK
Catalog Page: 242
Price discounted from MSRP",LFL128A62BK
20.142,"ITL003BBN
Catalog Page: 243
Price discounted from MSRP",ITL003BBN
70.2,"GMT027
Catalog Page: 244
Price discounted from MSRP",GMT027
87.078,"GRS085-1
Catalog Page: 244
Price discounted from MSRP",GRS085-1
55.35,"GRS180
Catalog Page: 245
Price discounted from MSRP",GRS180
78.3,"GMT015
Catalog Page: 245
Price discounted from MSRP",GMT015
89.778,"GHT015
Catalog Page: 245
Price discounted from MSRP",GHT015
94.5,"GRS037
Catalog Page: 245
Price discounted from MSRP",GRS037
54.204,"IOL342BK
Catalog Page: 248
Price discounted from MSRP",IOL342BK
79.446,"IOL343BK
Catalog Page: 248
Price discounted from MSRP",IOL343BK
51.978,"IOL340BK
Catalog Page: 249
Price discounted from MSRP",IOL340BK
91.326,"IOL341BK
Catalog Page: 249
Price discounted from MSRP",IOL341BK
265.074,"IOL344BK
Catalog Page: 249
Price discounted from MSRP",IOL344BK
43.068,"IOL351BK
Catalog Page: 250
Price discounted from MSRP",IOL351BK
58.656,"IOL350BK
Catalog Page: 250
Price discounted from MSRP",IOL350BK
24.504,"IOL352BK
Catalog Page: 251
Price discounted from MSRP",IOL352BK
28.218,"IOL353BK
Catalog Page: 251
Price discounted from MSRP",IOL353BK
189.336,"IOL354BK
Catalog Page: 251
Price discounted from MSRP",IOL354BK
40.098,"IOL346BK
Catalog Page: 252
Price discounted from MSRP",IOL346BK
53.46,"IOL345BK
Catalog Page: 252
Price discounted from MSRP",IOL345BK
23.016,"IOL347BK
Catalog Page: 253
Price discounted from MSRP",IOL347BK
26.73,"IOL348BK
Catalog Page: 253
Price discounted from MSRP",IOL348BK
179.688,"IOL349BK
Catalog Page: 253
Price discounted from MSRP",IOL349BK
51.234,"IOL356BK
Catalog Page: 254
Price discounted from MSRP",IOL356BK
51.234,"IOL357BK
Catalog Page: 254
Price discounted from MSRP",IOL357BK
60.144,"IOL320BK
Catalog Page: 254
Price discounted from MSRP",IOL320BK
61.626,"IOL355BK
Catalog Page: 254
Price discounted from MSRP",IOL355BK
48.264,"IOL360BK
Catalog Page: 255
Price discounted from MSRP",IOL360BK
54.948,"IOL322BK
Catalog Page: 255
Price discounted from MSRP",IOL322BK
62.37,"IOL361BK
Catalog Page: 255
Price discounted from MSRP",IOL361BK
48.858,"LOL272BK
Catalog Page: 257
Price discounted from MSRP",LOL272BK
60.81,"LOL271BK
Catalog Page: 257
Price discounted from MSRP",LOL271BK
61.332,"LOL285BK
Catalog Page: 257
Price discounted from MSRP",LOL285BK
69.126,"LOL273BK
Catalog Page: 257
Price discounted from MSRP",LOL273BK
106.176,"LOL306BK
Catalog Page: 257
Price discounted from MSRP",LOL306BK
28.956,"LOL336BK
Catalog Page: 258
Price discounted from MSRP",LOL336BK
28.956,"LOL336WH
Catalog Page: 258
Price discounted from MSRP",LOL336WH
46.776,"IOL358BK
Catalog Page: 258
Price discounted from MSRP",IOL358BK
53.46,"IOL310BK
Catalog Page: 258
Price discounted from MSRP",IOL310BK
61.626,"IOL256BK
Catalog Page: 259
Price discounted from MSRP",IOL256BK
61.626,"IOL256ORB
Catalog Page: 259
Price discounted from MSRP",IOL256ORB
62.37,"IOL308BK
Catalog Page: 259
Price discounted from MSRP",IOL308BK
63.858,"IOL256BN
Catalog Page: 259
Price discounted from MSRP",IOL256BN
80.19,"IOL309BK
Catalog Page: 259
Price discounted from MSRP",IOL309BK
80.934,"IOL308BN
Catalog Page: 259
Price discounted from MSRP",IOL308BN
32.046,"IOL207BK
Catalog Page: 260
Price discounted from MSRP",IOL207BK
36.732,"IOL208BK
Catalog Page: 260
Price discounted from MSRP",IOL208BK
40.644,"IOL206BK
Catalog Page: 260
Price discounted from MSRP",IOL206BK
47.676,"IOL209BK
Catalog Page: 260
Price discounted from MSRP",IOL209BK
84.408,"IOL210BK
Catalog Page: 260
Price discounted from MSRP",IOL210BK
35.88,"IOL211BK
Catalog Page: 261
Price discounted from MSRP",IOL211BK
35.88,"IOL211ORB
Catalog Page: 261
Price discounted from MSRP",IOL211ORB
37.068,"IOL138BK
Catalog Page: 261
Price discounted from MSRP",IOL138BK
39.078,"IOL211BN
Catalog Page: 261
Price discounted from MSRP",IOL211BN
103.17,"IOL201BK
Catalog Page: 261
Price discounted from MSRP",IOL201BK
32.67,"IOL315BK
Catalog Page: 262
Price discounted from MSRP",IOL315BK
41.496,"IOL124BK
Catalog Page: 262
Price discounted from MSRP",IOL124BK
92.07,"IOL314BK
Catalog Page: 262
Price discounted from MSRP",IOL314BK
40.098,"IOL303BK
Catalog Page: 263
Price discounted from MSRP",IOL303BK
42.3,"IOL124ORB
Catalog Page: 263
Price discounted from MSRP",IOL124ORB
51.234,"IOL304BK
Catalog Page: 263
Price discounted from MSRP",IOL304BK
161.154,"IOL156BK
Catalog Page: 263
Price discounted from MSRP",IOL156BK
36.384,"IOL254BK
Catalog Page: 264
Price discounted from MSRP",IOL254BK
37.866,"IOL254ORB
Catalog Page: 264
Price discounted from MSRP",IOL254ORB
48.264,"IOL236BK
Catalog Page: 264
Price discounted from MSRP",IOL236BK
48.264,"IOL236WH
Catalog Page: 264
Price discounted from MSRP",IOL236WH
21.756,"IOL2BK
Catalog Page: 265
Price discounted from MSRP",IOL210
21.756,"IOL2WH
Catalog Page: 265
Price discounted from MSRP",IOL211
24.228,"IOL12BK
Catalog Page: 265
Price discounted from MSRP",IOL110
24.228,"IOL12WH
Catalog Page: 265
Price discounted from MSRP",IOL1211
21.936,"IOL92 BK
Catalog Page: 266
Price discounted from MSRP",IOL9210
21.936,"IOL92 WH
Catalog Page: 266
Price discounted from MSRP",IOL9211
25.38,"IOL4 BK
Catalog Page: 266
Price discounted from MSRP",IOL410
25.38,"IOL4 WH
Catalog Page: 266
Price discounted from MSRP",IOL411
29.01,"IOL4 ABG
Catalog Page: 266
Price discounted from MSRP",IOL467
22.566,"IOL13BK
Catalog Page: 267
Price discounted from MSRP",IOL1310
22.566,"IOL13WH
Catalog Page: 267
Price discounted from MSRP",IOL1311
24.174,"IOL1BK
Catalog Page: 267
Price discounted from MSRP",IOL110
24.174,"IOL1WH
Catalog Page: 267
Price discounted from MSRP",IOL111
25.38,"IOL25BK
Catalog Page: 268
Price discounted from MSRP",IOL2510
25.38,"IOL25WH
Catalog Page: 268
Price discounted from MSRP",IOL2511
45.93,"IOL73T WH
Catalog Page: 268
Price discounted from MSRP",IOL73T11
48.342,"IOL73T ORB
Catalog Page: 268
Price discounted from MSRP",IOL73T13
6.876,"IOL20 BK
Catalog Page: 269
Price discounted from MSRP",IOL2010
6.876,"IOL20 WH
Catalog Page: 269
Price discounted from MSRP",IOL2011
7.656,"IOL105BK
Catalog Page: 269
Price discounted from MSRP",IOL105BK
7.656,"IOL105WH
Catalog Page: 269
Price discounted from MSRP",IOL105WH
8.058,"IOL20 APT
Catalog Page: 269
Price discounted from MSRP",IOL2075
15.594,"IOL16BK
Catalog Page: 270
Price discounted from MSRP",IOL1610
15.594,"IOL16WH
Catalog Page: 270
Price discounted from MSRP",IOL1611
16.11,"IOL17BK
Catalog Page: 270
Price discounted from MSRP",IOL1710
16.11,"IOL17WH
Catalog Page: 270
Price discounted from MSRP",IOL1711
16.11,"IOL3BK
Catalog Page: 270
Price discounted from MSRP",IOL310
16.11,"IOL3WH
Catalog Page: 270
Price discounted from MSRP",IOL311
34.896,"IOL339BK
Catalog Page: 271
Price discounted from MSRP",IOL339BK
35.346,"IOL283BK
Catalog Page: 271
Price discounted from MSRP",IOL283BK
45.294,"IOL318BK
Catalog Page: 271
Price discounted from MSRP",IOL318BK
58.62,"IOL220BK
Catalog Page: 271
Price discounted from MSRP",IOL220BK
63.408,"IOL282BK
Catalog Page: 271
Price discounted from MSRP",IOL282BK
63.858,"IOL359ORB
Catalog Page: 271
Price discounted from MSRP",IOL359ORB
39.48,"IOL91 ORB
Catalog Page: 272
Price discounted from MSRP",IOL9013
40.644,"IOL199ORB
Catalog Page: 272
Price discounted from MSRP",IOL199ORB
44.322,"IOL86 BK
Catalog Page: 272
Price discounted from MSRP",IOL8610
51.234,"IOL252BK
Catalog Page: 272
Price discounted from MSRP",IOL252BK
51.978,"IOL238BN
Catalog Page: 272
Price discounted from MSRP",IOL238BN
59.4,"IOL216BK
Catalog Page: 272
Price discounted from MSRP",IOL216BK
13.296,"IOL14BK
Catalog Page: 273
Price discounted from MSRP",IOL1410
27.798,"IOL5 BK
Catalog Page: 273
Price discounted from MSRP",IOL510
30.21,"IOL60BK
Catalog Page: 273
Price discounted from MSRP",IOL60BK
34.644,"IOL135BK
Catalog Page: 273
Price discounted from MSRP",IOL135BK
36.258,"IOL122ORB
Catalog Page: 273
Price discounted from MSRP",IOL122ORB
41.424,"IOL195BBZ
Catalog Page: 273
Price discounted from MSRP",IOL195BBZ
70.536,"LED-SL18BK-C
Catalog Page: 274
Price discounted from MSRP",LED-SL18BK-C
92.07,"BL10WACBK
Catalog Page: 274
Price discounted from MSRP",BL10WACBK
95.784,"BL16WACBK
Catalog Page: 274
Price discounted from MSRP",BL16WACBK
16.518,"IOL7 BK
Catalog Page: 275
Price discounted from MSRP",IOL710
16.518,"IOL7 WH
Catalog Page: 275
Price discounted from MSRP",IOL711
45.93,"IOL73T BK
Catalog Page: 275
Price discounted from MSRP",IOL73T10
16.92,"IOL143TBK-C
Catalog Page: 276
Price discounted from MSRP",IOL143TBK-C
35.454,"IOL183TBK-C
Catalog Page: 276
Price discounted from MSRP",IOL183TBK-C
35.454,"IOL183TWH-C
Catalog Page: 276
Price discounted from MSRP",IOL183TWH-C
36.258,"IOL160TBK-C
Catalog Page: 276
Price discounted from MSRP",IOL160TBK-C
11.136,"BL04CWG
Catalog Page: 277
Price discounted from MSRP",BL04CWG
13.266,"BL12RT
Catalog Page: 277
Price discounted from MSRP",BL12RT
16.338,"IOL337AL
Catalog Page: 277
Price discounted from MSRP",IOL337AL
39.042,"BL14CW-O
Catalog Page: 277
Price discounted from MSRP",BL14CW-O
42.408,"BL14CWS-O
Catalog Page: 277
Price discounted from MSRP",BL14CWS-O
43.65,"BL14CL
Catalog Page: 277
Price discounted from MSRP",BL14CL
22.356,"EFS848232C
Catalog Page: 280
Price discounted from MSRP",EFS848232C
29.634,"EFS848232
Catalog Page: 280
Price discounted from MSRP",EFS848232
48.264,"LS14A39
Catalog Page: 280
Price discounted from MSRP",LS14A39
122.514,"LPL22A48WH
Catalog Page: 281
Price discounted from MSRP",LPL22A48WH
123.996,"LPL14A48WH
Catalog Page: 281
Price discounted from MSRP",LPL14A48WH
165.576,"LPL24A58WH
Catalog Page: 281
Price discounted from MSRP",LPL24A58WH
27.474,"LT11A12
Catalog Page: 282
Price discounted from MSRP",LT11A12
34.158,"LT14A24
Catalog Page: 282
Price discounted from MSRP",LT14A24
44.55,"LT12A20
Catalog Page: 282
Price discounted from MSRP",LT12A20
56.43,"LT14A37
Catalog Page: 282
Price discounted from MSRP",LT14A37
21.816,"FT8151
Catalog Page: 283
Price discounted from MSRP",FT8151
24.282,"FT8181
Catalog Page: 283
Price discounted from MSRP",FT8181
28.812,"EFT824117
Catalog Page: 283
Price discounted from MSRP",EFT824117
31.932,"EFT836125
Catalog Page: 283
Price discounted from MSRP",EFT836125
42.318,"EFT848132
Catalog Page: 283
Price discounted from MSRP",EFT848132
30.456,"EFT824217
Catalog Page: 284
Price discounted from MSRP",EFT824217
48.702,"EFT848232
Catalog Page: 284
Price discounted from MSRP",EFT848232
83.826,"EFT896432TD
Catalog Page: 284
Price discounted from MSRP",EFT896432TD
83.826,"FT8962
Catalog Page: 284
Price discounted from MSRP",FT8962
86.13,"LU14A42
Catalog Page: 285
Price discounted from MSRP",LU14A42
101.238,"EFU848232
Catalog Page: 285
Price discounted from MSRP",EFU848232
127.578,"EFU848432
Catalog Page: 285
Price discounted from MSRP",EFU848432
129.936,"LU24A63
Catalog Page: 285
Price discounted from MSRP",LU24A63
34.158,"LW12A19
Catalog Page: 286
Price discounted from MSRP",LW12A19
48.264,"LW14A40
Catalog Page: 286
Price discounted from MSRP",LW14A40
27.984,"EFW824217
Catalog Page: 287
Price discounted from MSRP",EFW824217
33.414,"FW8482SC
Catalog Page: 287
Price discounted from MSRP",FW8482SC
37.038,"EFW848232
Catalog Page: 287
Price discounted from MSRP",EFW848232
80.664,"EFW848432
Catalog Page: 287
Price discounted from MSRP",EFW848432
96.918,"EFP848232-D
Catalog Page: 288
Price discounted from MSRP",EFP848232-D
114.348,"LP848220-DB5K
Catalog Page: 288
Price discounted from MSRP",LP848220-DB5K
138.846,"LP848230-DB5K
Catalog Page: 288
Price discounted from MSRP",LP848230-DB5K
20.79,"DL-3-6RR-WH-C
Catalog Page: 290
Price discounted from MSRP",DL-3-6RR-WH-C
22.278,"DL-3-6RR-BN-C
Catalog Page: 290
Price discounted from MSRP",DL-3-6RR-BN-C
22.278,"DL-4-9RR-WH-C
Catalog Page: 290
Price discounted from MSRP",DL-4-9RR-WH-C
22.278,"DL-4-9RR-WH-C-4000K
Catalog Page: 290
Price discounted from MSRP",DL-4-9RR-WH-C-4000K
23.76,"DL-4-9RR-BN-C
Catalog Page: 290
Price discounted from MSRP",DL-4-9RR-BN-C
25.986,"DL-4-9YC-WH-C
Catalog Page: 290
Price discounted from MSRP",DL-4-9YC-WH-C
28.218,"DL-4-9YC-BN-C
Catalog Page: 290
Price discounted from MSRP",DL-4-9YC-BN-C
31.926,"DL-6-15RR-WH-C
Catalog Page: 290
Price discounted from MSRP",DL-6-15RR-WH-C
34.158,"DL-6-15RR-BN-C
Catalog Page: 290
Price discounted from MSRP",DL-6-15RR-BN-C
83.16,"DL-4-9RR-WH-C-4
Catalog Page: 290
Price discounted from MSRP",DL-4-9RR-WH-C-4
21.534,"DL-4-9NR-WH-C
Catalog Page: 291
Price discounted from MSRP",DL-4-9NR-WH-C
24.504,"DL-4-9ER-WH-C
Catalog Page: 291
Price discounted from MSRP",DL-4-9ER-WH-C
25.986,"DL-4-9ER-BN-C
Catalog Page: 291
Price discounted from MSRP",DL-4-9ER-BN-C
31.188,"DL-6-15NR-WH-C
Catalog Page: 291
Price discounted from MSRP",DL-6-15NR-WH-C
6.684,"IPLED-SR-C
Catalog Page: 292
Price discounted from MSRP",IPLED-SR-C
7.056,"IPLEDS-SR-C
Catalog Page: 292
Price discounted from MSRP",IPLEDS-SR-C
8.1,"AC-3R-C
Catalog Page: 292
Price discounted from MSRP",AC-3R-C
9.45,"AC-4R-C
Catalog Page: 292
Price discounted from MSRP",AC-4R-C
9.45,"AC-4S-C
Catalog Page: 292
Price discounted from MSRP",AC-4S-C
10.128,"AC-6R-C
Catalog Page: 292
Price discounted from MSRP",AC-6R-C
10.476,"RN3DC1WH
Catalog Page: 293
Price discounted from MSRP",RN3DC1WH
10.878,"RN3DC1BPT
Catalog Page: 293
Price discounted from MSRP",RN3DC1BPT
20.046,"RD3DCBN-LED
Catalog Page: 293
Price discounted from MSRP",RD3DCBN-LED
20.046,"RD3DCWH-LED
Catalog Page: 293
Price discounted from MSRP",RD3DCWH-LED
20.79,"RN31RG2WH-LED
Catalog Page: 293
Price discounted from MSRP",RN31RG2WH-LED
30.774,"RI3NC1TGBPT
Catalog Page: 293
Price discounted from MSRP",RI3NC1TGBPT
30.774,"RI3NC1TGWH
Catalog Page: 293
Price discounted from MSRP",RI3NC1TGWH
42.306,"RN3DC1WH-4
Catalog Page: 293
Price discounted from MSRP",RN3DC1WH-4
43.914,"RN3DC1BPT-4
Catalog Page: 293
Price discounted from MSRP",RN3DC1BPT-4
72.228,"RD3DCWH-LED-4
Catalog Page: 293
Price discounted from MSRP",RD3DCWH-LED-4
74.49,"RD3DCBN-LED-4
Catalog Page: 293
Price discounted from MSRP",RD3DCBN-LED-4
201.438,"RI3NC1TGWH-6
Catalog Page: 293
Price discounted from MSRP",RI3NC1TGWH-6
23.484,"RN4RC1SHFWH
Catalog Page: 294
Price discounted from MSRP",RN4RC1SHFWH
32.394,"RI4NC1SHFWH
Catalog Page: 294
Price discounted from MSRP",RI4NC1SHFWH
2.028,"RN5BAR
Catalog Page: 295
Price discounted from MSRP",RN5BAR
9.294,"VBARRIER-1
Catalog Page: 295
Price discounted from MSRP",VBARRIER-1
23.484,"RN4RC2TGWH
Catalog Page: 295
Price discounted from MSRP",RN4RC2TGWH
34.644,"RI4NC2TGWH
Catalog Page: 295
Price discounted from MSRP",RI4NC2TGWH
34.83,"RI4NC2TGBPT
Catalog Page: 295
Price discounted from MSRP",RI4NC2TGBPT
126.906,"RN4RC2WH-6
Catalog Page: 295
Price discounted from MSRP",RN4RC2WH-6
189.522,"RI4NC2TGWH-6
Catalog Page: 295
Price discounted from MSRP",RI4NC2TGWH-6
12.888,"RN45RC2PHBK
Catalog Page: 296
Price discounted from MSRP",RN45RC2PHBK
12.888,"RN45RC2PHWH
Catalog Page: 296
Price discounted from MSRP",RN45RC2PHWH
20.946,"RN42N-2WH
Catalog Page: 296
Price discounted from MSRP",RN42N-2WH
15.312,"RN5NCOTWH
Catalog Page: 297
Price discounted from MSRP",RN5NCOTWH
15.312,"RN5NCSBWH
Catalog Page: 297
Price discounted from MSRP",RN5NCSBWH
58.656,"UC12LEDWT-C
Catalog Page: 302
Price discounted from MSRP",UC12LEDWT-C
79.446,"UC21LEDWT-C
Catalog Page: 302
Price discounted from MSRP",UC21LEDWT-C
109.146,"UC33LEDWT-C
Catalog Page: 302
Price discounted from MSRP",UC33LEDWT-C
3.714,"L5050CS
Catalog Page: 303
Price discounted from MSRP",L5050CS
4.458,"L5050C
Catalog Page: 303
Price discounted from MSRP",L5050C
4.458,"L5050T1
Catalog Page: 303
Price discounted from MSRP",L5050T1
7.428,"L5050D1R
Catalog Page: 303
Price discounted from MSRP",L5050D1R
36.384,"L5050T3R
Catalog Page: 303
Price discounted from MSRP",L5050T3R
4.458,"LED-SPLITTER
Catalog Page: 304
Price discounted from MSRP",LED-SPLITTER
7.032,"LED3528ET1M
Catalog Page: 304
Price discounted from MSRP",LED3528ET1M
8.166,"LED3528LD1M
Catalog Page: 304
Price discounted from MSRP",LED3528LD1M
16.416,"LED3528CW13
Catalog Page: 304
Price discounted from MSRP",LED3528CW13
42.204,"LED3528TW2M
Catalog Page: 304
Price discounted from MSRP",LED3528TW2M
57.174,"LED3528TW5M
Catalog Page: 304
Price discounted from MSRP",LED3528TW5M
9.378,"LED5050ET1M
Catalog Page: 305
Price discounted from MSRP",LED5050ET1M
16.416,"LED5050CW13
Catalog Page: 305
Price discounted from MSRP",LED5050CW13
17.19,"LED-DIMMER
Catalog Page: 305
Price discounted from MSRP",LED-DIMMER
75.03,"LED5050TW3M
Catalog Page: 305
Price discounted from MSRP",LED5050TW3M
93.006,"LED5050TW3M-RGB
Catalog Page: 305
Price discounted from MSRP",LED5050TW3M-RGB
11.88,"3580LED-LK2-C
Catalog Page: 306
Price discounted from MSRP",3580LED-LK2-C
18.564,"3580LED-LK3-C
Catalog Page: 306
Price discounted from MSRP",3580LED-LK3-C
22.278,"3580LED-PLN-C
Catalog Page: 306
Price discounted from MSRP",3580LED-PLN-C
22.278,"3580LED-PLW-C
Catalog Page: 306
Price discounted from MSRP",3580LED-PLW-C
23.76,"3580LED-LK4-C
Catalog Page: 306
Price discounted from MSRP",3580LED-LK4-C
25.248,"3580LED-PL1NKL-C
Catalog Page: 306
Price discounted from MSRP",3580LED-PL1NKL-C
25.248,"3580LED-PL1WHT-C
Catalog Page: 306
Price discounted from MSRP",3580LED-PL1WHT-C
71.28,"3580LED-PL3NKL-C
Catalog Page: 306
Price discounted from MSRP",3580LED-PL3NKL-C
71.28,"3580LED-PL3WHT-C
Catalog Page: 306
Price discounted from MSRP",3580LED-PL3WHT-C
6.774,"LED-LK54-C
Catalog Page: 307
Price discounted from MSRP",LED-LK54-C
11.478,"35801WHT120-C
Catalog Page: 307
Price discounted from MSRP",35801WHT120-C
26.022,"35803WHT120-C
Catalog Page: 307
Price discounted from MSRP",35803WHT120-C
26.52,"FY2401000-C
Catalog Page: 307
Price discounted from MSRP",FY2401000-C
26.52,"FY2402500-C
Catalog Page: 307
Price discounted from MSRP",FY2402500-C
27.552,"35803BPT120-C
Catalog Page: 307
Price discounted from MSRP",35803BPT120-C
38.934,"LED-M-C
Catalog Page: 307
Price discounted from MSRP",LED-M-C
5.358,"UC-XN33WH/12N-C
Catalog Page: 308
Price discounted from MSRP",UC-XN33WH/12N-C
6.126,"UC-XN33WH/24N-C
Catalog Page: 308
Price discounted from MSRP",UC-XN33WH/24N-C
10.716,"UC-XN33WH/JBN-C
Catalog Page: 308
Price discounted from MSRP",UC-XN33WH/JBN-C
32.148,"SWLED-10/WHT-C
Catalog Page: 308
Price discounted from MSRP",SWLED-10/WHT-C
41.334,"SWLED-20/WHT-C
Catalog Page: 308
Price discounted from MSRP",SWLED-20/WHT-C
55.878,"SWLED-30/WHT-C
Catalog Page: 308
Price discounted from MSRP",SWLED-30/WHT-C
6.888,"YC-T5W-01-24
Catalog Page: 309
Price discounted from MSRP",YC-T5W-01-24
11.478,"YC-JXH-1
Catalog Page: 309
Price discounted from MSRP",YC-JXH-1
13.986,"FC5061P-C
Catalog Page: 309
Price discounted from MSRP",FC5061P-C
14.814,"FC5081P-C
Catalog Page: 309
Price discounted from MSRP",FC5081P-C
17.286,"FC5141P-C
Catalog Page: 309
Price discounted from MSRP",FC5141P-C
15.636,"FB5101-C
Catalog Page: 310
Price discounted from MSRP",FB5101-C
17.286,"FB5131-C
Catalog Page: 310
Price discounted from MSRP",FB5131-C
21.396,"FB5231-C
Catalog Page: 310
Price discounted from MSRP",FB5231-C
25.512,"FB5231P-C
Catalog Page: 310
Price discounted from MSRP",FB5231P-C
29.634,"FB5351-C
Catalog Page: 310
Price discounted from MSRP",FB5351-C
7.02,"B-LC35-4
Catalog Page: 312
Price discounted from MSRP",B-LC35-4
7.02,"B-LCF35-4
Catalog Page: 312
Price discounted from MSRP",B-LCF35-4
7.428,"B-LA60-4
Catalog Page: 312
Price discounted from MSRP",B-LA60-4
7.428,"B-LST45-4
Catalog Page: 312
Price discounted from MSRP",B-LST45-4
18.9,"B-LST64-6
Catalog Page: 312
Price discounted from MSRP",B-LST64-6
4.332,"B-C35-7C
Catalog Page: 313
Price discounted from MSRP",B-C35-7C
4.332,"B-C35-7LG
Catalog Page: 313
Price discounted from MSRP",B-C35-7LG
5.4,"B-ST45-17C
Catalog Page: 313
Price discounted from MSRP",B-ST45-17C
5.4,"B-ST45-17LG
Catalog Page: 313
Price discounted from MSRP",B-ST45-17LG
5.526,"B-T45-24LG
Catalog Page: 313
Price discounted from MSRP",B-T45-24LG
6.75,"B-A60-23C
Catalog Page: 313
Price discounted from MSRP",B-A60-23C
6.75,"B-A60-23LG
Catalog Page: 313
Price discounted from MSRP",B-A60-23LG
6.75,"B-ST64-17C
Catalog Page: 313
Price discounted from MSRP",B-ST64-17C
6.75,"B-ST64-17LG
Catalog Page: 313
Price discounted from MSRP",B-ST64-17LG
9.75,"B-T28-12
Catalog Page: 313
Price discounted from MSRP",B-T28-12
2.7,"B-GU10R020W
Catalog Page: 314
Price discounted from MSRP",B-GU10R020W
2.7,"B-GU10R035W
Catalog Page: 314
Price discounted from MSRP",B-GU10R035W
2.7,"B-GU10R050W
Catalog Page: 314
Price discounted from MSRP",B-GU10R050W
3.378,"B-PAR20R050W
Catalog Page: 314
Price discounted from MSRP",B-PAR20R050W
9.234,"B-LED10S5G08WBN-D
Catalog Page: 314
Price discounted from MSRP",B-LED10S5G08WBN-D
9.234,"B-LED10S5G08WORB-D
Catalog Page: 314
Price discounted from MSRP",B-LED10S5G08WORB-D
2.7,"B-G9R040W-2
Catalog Page: 315
Price discounted from MSRP",B-G9R040W-2
3.378,"B-LED26S8A06W-D
Catalog Page: 315
Price discounted from MSRP",B-LED26S8A06W-D
4.728,"B-LED26S8A10W-D
Catalog Page: 315
Price discounted from MSRP",B-LED26S8A10W-D
5.4,"B-G9R040W-4
Catalog Page: 315
Price discounted from MSRP",B-G9R040W-4
6.246,"B-G9R060W-4
Catalog Page: 315
Price discounted from MSRP",B-G9R060W-4
6.414,"B-G9R075W-4
Catalog Page: 315
Price discounted from MSRP",B-G9R075W-4
6.75,"B-LED09S7G05W-D
Catalog Page: 315
Price discounted from MSRP",B-LED09S7G05W-D
6.75,"B-LED09S7G05W-DN
Catalog Page: 315
Price discounted from MSRP",B-LED09S7G05W-DN
11.97,"FM-4REC
Catalog Page: 318
Price discounted from MSRP",FM-4REC
15.63,"FM-39
Catalog Page: 318
Price discounted from MSRP",FM-39
19.956,"FM-40
Catalog Page: 318
Price discounted from MSRP",FM-40
24.612,"FM-19A
Catalog Page: 318
Price discounted from MSRP",FM-19A
51.234,"IPL676A01BK
Catalog Page: 10, 192
Price discounted from MSRP",IPL676A01BK
139.59,"IPL676A03BK
Catalog Page: 10, 192
Price discounted from MSRP",IPL676A03BK
78.708,"ITL676A23BK
Catalog Page: 10, 243
Price discounted from MSRP",ITL676A23BK
66.828,"LVL142A01BK
Catalog Page: 100, 134
Price discounted from MSRP",LVL142A01BK
71.28,"LPL142A01BK
Catalog Page: 100, 185
Price discounted from MSRP",LPL142A01BK
69.798,"LPL143A01CH
Catalog Page: 102, 185
Price discounted from MSRP",LPL143A01CH
52.368,"IPL222B01ORB
Catalog Page: 108, 188
Price discounted from MSRP",IPL222B01ORB
93.558,"IPL222B01ORB16
Catalog Page: 108, 188
Price discounted from MSRP",IPL222B01ORB16
54.948,"IPL676A01BN
Catalog Page: 11, 192
Price discounted from MSRP",IPL676A01BN
156.666,"IPL676A03BN
Catalog Page: 11, 192
Price discounted from MSRP",IPL676A03BN
83.16,"ITL676A23BN
Catalog Page: 11, 243
Price discounted from MSRP",ITL676A23BN
60.18,"IPL222B01BN
Catalog Page: 110, 188
Price discounted from MSRP",IPL222B01BN
102.912,"IPL222B01BN16
Catalog Page: 110, 188
Price discounted from MSRP",IPL222B01BN16
48.528,"IPL611A01-SGPH
Catalog Page: 115, 202
Price discounted from MSRP",IPL611A01-SGPH
40.836,"IPL702A01BN
Catalog Page: 12, 189
Price discounted from MSRP",IPL702A01BN
117.318,"IPL702A03BN
Catalog Page: 12, 189
Price discounted from MSRP",IPL702A03BN
33.846,"IPL359A01BPT
Catalog Page: 125, 204
Price discounted from MSRP",IPL359A01BPT
30.444,"ICW702A01BN
Catalog Page: 13, 104
Price discounted from MSRP",ICW702A01BN
54.204,"ICW702A02BN
Catalog Page: 13, 104
Price discounted from MSRP",ICW702A02BN
63.858,"IT702A02BN
Catalog Page: 13, 104
Price discounted from MSRP",IT702A02BN
85.386,"IT702A03BN
Catalog Page: 13, 104
Price discounted from MSRP",IT702A03BN
87.618,"ICW702A03BN
Catalog Page: 13, 104
Price discounted from MSRP",ICW702A03BN
109.146,"IT702A04BN
Catalog Page: 13, 104
Price discounted from MSRP",IT702A04BN
38.61,"IPL702A01BK
Catalog Page: 14, 189
Price discounted from MSRP",IPL702A01BK
108.408,"IPL702A03BK
Catalog Page: 14, 189
Price discounted from MSRP",IPL702A03BK
27.474,"ICW702A01BK
Catalog Page: 15, 105
Price discounted from MSRP",ICW702A01BK
49.008,"ICW702A02BK
Catalog Page: 15, 105
Price discounted from MSRP",ICW702A02BK
55.686,"IT702A02BK
Catalog Page: 15, 105
Price discounted from MSRP",IT702A02BK
74.994,"ICW702A03BK
Catalog Page: 15, 105
Price discounted from MSRP",ICW702A03BK
74.994,"IT702A03BK
Catalog Page: 15, 105
Price discounted from MSRP",IT702A03BK
100.236,"IT702A04BK
Catalog Page: 15, 105
Price discounted from MSRP",IT702A04BK
42.324,"IPL370A01BN
Catalog Page: 154, 195
Price discounted from MSRP",IPL370A01BN
99.498,"ICH370A03BN
Catalog Page: 154, 195
Price discounted from MSRP",ICH370A03BN
129.936,"IPL370A03BN
Catalog Page: 154, 195
Price discounted from MSRP",IPL370A03BN
78.156,"IFM422A14BN
Catalog Page: 158, 226
Price discounted from MSRP",IFM422A14BN
200.478,"ICH677A05BN16
Catalog Page: 16, 174
Price discounted from MSRP",ICH677A05BN16
92.07,"IPL677A02BN7
Catalog Page: 16, 197
Price discounted from MSRP",IPL677A02BN7
88.356,"IWF677A02BN
Catalog Page: 17, 144
Price discounted from MSRP",IWF677A02BN
152.214,"IVL677A03BN
Catalog Page: 17, 144
Price discounted from MSRP",IVL677A03BN
103.95,"IFM677A15BN
Catalog Page: 17, 217
Price discounted from MSRP",IFM677A15BN
121.77,"ISF677A03BN
Catalog Page: 17, 217
Price discounted from MSRP",ISF677A03BN
193.05,"ICH677A05ORB16
Catalog Page: 18, 174
Price discounted from MSRP",ICH677A05ORB16
83.904,"IPL677A02ORB7
Catalog Page: 18, 197
Price discounted from MSRP",IPL677A02ORB7
80.934,"IWF677A02ORB
Catalog Page: 19, 144
Price discounted from MSRP",IWF677A02ORB
147.018,"IVL677A03ORB
Catalog Page: 19, 144
Price discounted from MSRP",IVL677A03ORB
97.266,"IFM677A15ORB
Catalog Page: 19, 217
Price discounted from MSRP",IFM677A15ORB
109.146,"ISF677A03ORB
Catalog Page: 19, 217
Price discounted from MSRP",ISF677A03ORB
134.394,"LPL145A09CH
Catalog Page: 2, 184
Price discounted from MSRP",LPL145A09CH
236.856,"LPL145A15CH
Catalog Page: 2, 184
Price discounted from MSRP",LPL145A15CH
103.206,"LFM145A12CH
Catalog Page: 2, 214
Price discounted from MSRP",LFM145A12CH
199.734,"ICH679A05BN
Catalog Page: 20, 174
Price discounted from MSRP",ICH679A05BN
50.49,"IPL679A01BN
Catalog Page: 20, 193
Price discounted from MSRP",IPL679A01BN
149.244,"IPL679A04BN
Catalog Page: 20, 193
Price discounted from MSRP",IPL679A04BN
41.58,"IVL679A01BN
Catalog Page: 21, 138
Price discounted from MSRP",IVL679A01BN
77.22,"IVL679A02BN
Catalog Page: 21, 138
Price discounted from MSRP",IVL679A02BN
105.438,"IVL679A03BN
Catalog Page: 21, 138
Price discounted from MSRP",IVL679A03BN
135.138,"IVL679A04BN
Catalog Page: 21, 138
Price discounted from MSRP",IVL679A04BN
69.054,"IFM679A12BN
Catalog Page: 21, 216
Price discounted from MSRP",IFM679A12BN
139.59,"ISF679A03BN
Catalog Page: 21, 216
Price discounted from MSRP",ISF679A03BN
196.02,"ICH679A05ORB
Catalog Page: 22, 174
Price discounted from MSRP",ICH679A05ORB
49.008,"IPL679A01ORB
Catalog Page: 22, 193
Price discounted from MSRP",IPL679A01ORB
155.928,"IPL679A04ORB
Catalog Page: 22, 193
Price discounted from MSRP",IPL679A04ORB
40.836,"IVL679A01ORB
Catalog Page: 23, 139
Price discounted from MSRP",IVL679A01ORB
73.506,"IVL679A02ORB
Catalog Page: 23, 139
Price discounted from MSRP",IVL679A02ORB
100.236,"IVL679A03ORB
Catalog Page: 23, 139
Price discounted from MSRP",IVL679A03ORB
129.936,"IVL679A04ORB
Catalog Page: 23, 139
Price discounted from MSRP",IVL679A04ORB
74.994,"IFM679A12ORB
Catalog Page: 23, 216
Price discounted from MSRP",IFM679A12ORB
132.906,"ISF679A03ORB
Catalog Page: 23, 216
Price discounted from MSRP",ISF679A03ORB
154.056,"ICH624A04BN20
Catalog Page: 24, 176
Price discounted from MSRP",ICH624A04BN20
66.006,"IFM624A13BN
Catalog Page: 24, 218
Price discounted from MSRP",IFM624A13BN
85.242,"IFM624A15BN
Catalog Page: 24, 218
Price discounted from MSRP",IFM624A15BN
101.574,"ISF624A03BN
Catalog Page: 24, 218
Price discounted from MSRP",ISF624A03BN
129.792,"ICH624A04ORB20
Catalog Page: 25, 176
Price discounted from MSRP",ICH624A04ORB20
58.212,"IFM624A13ORB
Catalog Page: 25, 218
Price discounted from MSRP",IFM624A13ORB
74.322,"IFM624A15ORB
Catalog Page: 25, 218
Price discounted from MSRP",IFM624A15ORB
85.212,"ISF624A03ORB
Catalog Page: 25, 218
Price discounted from MSRP",ISF624A03ORB
31.188,"BRWL-POR12T-N-BK
Catalog Page: 256, 278
Price discounted from MSRP",BRWL-POR12T-N-BK
32.67,"BRWL-SQ6W-N-BK
Catalog Page: 256, 278
Price discounted from MSRP",BRWL-SQ6W-N-BK
40.836,"BRWL-GBB6W-N-BK
Catalog Page: 256, 278
Price discounted from MSRP",BRWL-GBB6W-N-BK
46.038,"BRWL-SH10T-N-NK
Catalog Page: 256, 278
Price discounted from MSRP",BRWL-SH10T-N-NK
92.814,"IVL570A02ORB
Catalog Page: 26, 145
Price discounted from MSRP",IVL570A02ORB
63.858,"IPL570A01ORB
Catalog Page: 26, 194
Price discounted from MSRP",IPL570A01ORB
56.43,"IVL570A01CH
Catalog Page: 27, 145
Price discounted from MSRP",IVL570A01CH
86.13,"IVL570A02CH
Catalog Page: 27, 145
Price discounted from MSRP",IVL570A02CH
65.34,"IPL570A01CH
Catalog Page: 27, 194
Price discounted from MSRP",IPL570A01CH
224.238,"IPL570A04CH
Catalog Page: 27, 194
Price discounted from MSRP",IPL570A04CH
98.01,"ICH587A03BN17
Catalog Page: 28, 169
Price discounted from MSRP",ICH587A03BN17
141.078,"ICH587A05BN
Catalog Page: 28, 169
Price discounted from MSRP",ICH587A05BN
34.896,"IVL587A01BN
Catalog Page: 29, 146
Price discounted from MSRP",IVL587A01BN
64.596,"IVL587A02BN
Catalog Page: 29, 146
Price discounted from MSRP",IVL587A02BN
95.04,"IVL587A03BN
Catalog Page: 29, 146
Price discounted from MSRP",IVL587A03BN
51.978,"IPL587A01BN
Catalog Page: 29, 198
Price discounted from MSRP",IPL587A01BN
48.264,"IFM587A14BN
Catalog Page: 29, 219
Price discounted from MSRP",IFM587A14BN
60.144,"ISF587A02BN
Catalog Page: 29, 219
Price discounted from MSRP",ISF587A02BN
126.228,"LPL145A09ORB
Catalog Page: 3, 184
Price discounted from MSRP",LPL145A09ORB
224.976,"LPL145A15ORB
Catalog Page: 3, 184
Price discounted from MSRP",LPL145A15ORB
94.296,"LFM145A12ORB
Catalog Page: 3, 214
Price discounted from MSRP",LFM145A12ORB
79.446,"ICH587A03RA17
Catalog Page: 30, 169
Price discounted from MSRP",ICH587A03RA17
115.086,"ICH587A05RA
Catalog Page: 30, 169
Price discounted from MSRP",ICH587A05RA
3.822,"UC-120G8-C
Catalog Page: 307, 315
Price discounted from MSRP",UC-120G8-C
3.474,"B-T5R06W
Catalog Page: 309, 310, 316
Price discounted from MSRP",B-T5R06W
3.474,"B-T5R08W
Catalog Page: 309, 310, 316
Price discounted from MSRP",B-T5R08W
4.176,"B-T5R14W
Catalog Page: 309, 310, 316
Price discounted from MSRP",B-T5R14W
31.926,"IVL587A01RA
Catalog Page: 31, 146
Price discounted from MSRP",IVL587A01RA
51.978,"IVL587A02RA
Catalog Page: 31, 146
Price discounted from MSRP",IVL587A02RA
75.738,"IVL587A03RA
Catalog Page: 31, 146
Price discounted from MSRP",IVL587A03RA
47.52,"IPL587A01RA
Catalog Page: 31, 198
Price discounted from MSRP",IPL587A01RA
47.52,"IFM587A14RA
Catalog Page: 31, 219
Price discounted from MSRP",IFM587A14RA
49.746,"ISF587A02RA
Catalog Page: 31, 219
Price discounted from MSRP",ISF587A02RA
11.13,"B-T5R21W
Catalog Page: 310, 316
Price discounted from MSRP",B-T5R21W
204.93,"ICH578A05BN
Catalog Page: 32, 170
Price discounted from MSRP",ICH578A05BN
40.836,"IPL578A01BN
Catalog Page: 32, 198
Price discounted from MSRP",IPL578A01BN
135.876,"ICH578A03BN18
Catalog Page: 33, 170
Price discounted from MSRP",ICH578A03BN18
32.664,"IFM578A13BN
Catalog Page: 33, 220
Price discounted from MSRP",IFM578A13BN
83.16,"ISF578A03BN
Catalog Page: 33, 220
Price discounted from MSRP",ISF578A03BN
196.764,"ICH578A05ORB
Catalog Page: 34, 170
Price discounted from MSRP",ICH578A05ORB
40.098,"IPL578A01ORB
Catalog Page: 34, 198
Price discounted from MSRP",IPL578A01ORB
91.326,"IVL578A03ORB
Catalog Page: 35, 160
Price discounted from MSRP",IVL578A03ORB
30.948,"IFM578A13ORB
Catalog Page: 35, 220
Price discounted from MSRP",IFM578A13ORB
80.19,"ISF578A03ORB
Catalog Page: 35, 220
Price discounted from MSRP",ISF578A03ORB
86.22,"ICH256A03BPT
Catalog Page: 36, 171
Price discounted from MSRP",ICH256A03BPT
125.7,"ICH256A05ORB
Catalog Page: 36, 171
Price discounted from MSRP",ICH256A05ORB
132.144,"ICH256A05BPT
Catalog Page: 36, 171
Price discounted from MSRP",ICH256A05BPT
88.632,"ICH256A03BPT18
Catalog Page: 37, 171
Price discounted from MSRP",ICH256A03BPT18
29.01,"IPL256A01ORB
Catalog Page: 37, 199
Price discounted from MSRP",IPL256A01ORB
34.644,"IPL256A01BPT
Catalog Page: 37, 199
Price discounted from MSRP",IPL256A01BPT
29.706,"IFM256A13ORB
Catalog Page: 37, 221
Price discounted from MSRP",IFM256A13ORB
33.066,"IFM256A13BPT
Catalog Page: 37, 221
Price discounted from MSRP",IFM256A13BPT
60.03,"ISF256A03BPT
Catalog Page: 37, 221
Price discounted from MSRP",ISF256A03BPT
60.03,"ISF256A03ORB
Catalog Page: 37, 221
Price discounted from MSRP",ISF256A03ORB
23.766,"IWF256A01BPT
Catalog Page: 37, 235
Price discounted from MSRP",IWF256A01BPT
23.766,"IWF256A01ORB
Catalog Page: 37, 235
Price discounted from MSRP",IWF256A01ORB
111.768,"ICH431A03BN16
Catalog Page: 38, 177
Price discounted from MSRP",ICH431A03BN16
171.168,"ICH431A04BN
Catalog Page: 38, 177
Price discounted from MSRP",ICH431A04BN
31.266,"IPL431A01ORB
Catalog Page: 38, 199
Price discounted from MSRP",IPL431A01ORB
39.078,"IPL431A01BN
Catalog Page: 38, 199
Price discounted from MSRP",IPL431A01BN
38.298,"IFM431A13ORB
Catalog Page: 38, 224
Price discounted from MSRP",IFM431A13ORB
29.7,"IPL20C01BN
Catalog Page: 39, 205
Price discounted from MSRP",IPL20C01BN
56.4,"ISF20A02ORB
Catalog Page: 39, 221
Price discounted from MSRP",ISF20A02ORB
56.4,"ISF20BN
Catalog Page: 39, 221
Price discounted from MSRP",ISF2066
20.946,"IWF20A01ORB
Catalog Page: 39, 235
Price discounted from MSRP",IWF20A01ORB
22.566,"IWF201BN
Catalog Page: 39, 235
Price discounted from MSRP",IWF20166
194.538,"LPL144A22CH
Catalog Page: 4, 185
Price discounted from MSRP",LPL144A22CH
89.844,"LWF144A24CH
Catalog Page: 4, 232
Price discounted from MSRP",LWF144A24CH
164.094,"ICH707A03BN
Catalog Page: 40, 174
Price discounted from MSRP",ICH707A03BN
230.178,"ICH707A05BN
Catalog Page: 40, 174
Price discounted from MSRP",ICH707A05BN
45.294,"IPL707A01BN
Catalog Page: 40, 195
Price discounted from MSRP",IPL707A01BN
47.52,"IVL707A01BN
Catalog Page: 41, 137
Price discounted from MSRP",IVL707A01BN
83.904,"IVL707A02BN
Catalog Page: 41, 137
Price discounted from MSRP",IVL707A02BN
116.574,"IVL707A03BN
Catalog Page: 41, 137
Price discounted from MSRP",IVL707A03BN
156.666,"IVL707A04BN
Catalog Page: 41, 137
Price discounted from MSRP",IVL707A04BN
186.366,"IPL707A02BN
Catalog Page: 41, 194
Price discounted from MSRP",IPL707A02BN
128.454,"ISF707A03BN
Catalog Page: 41, 224
Price discounted from MSRP",ISF707A03BN
175.974,"ICH706A18CH9
Catalog Page: 42, 180
Price discounted from MSRP",ICH706A18CH9
53.46,"IPL706A01CH9
Catalog Page: 42, 194
Price discounted from MSRP",IPL706A01CH9
113.604,"IPL706A03CH9
Catalog Page: 42, 194
Price discounted from MSRP",IPL706A03CH9
34.158,"ICW706A01CH9
Catalog Page: 43, 103
Price discounted from MSRP",ICW706A01CH9
63.114,"ICW706A02CH9
Catalog Page: 43, 103
Price discounted from MSRP",ICW706A02CH9
68.31,"IT706A02CH9
Catalog Page: 43, 103
Price discounted from MSRP",IT706A02CH9
93.558,"ICW706A03CH9
Catalog Page: 43, 103
Price discounted from MSRP",ICW706A03CH9
93.558,"IT706A03CH9
Catalog Page: 43, 103
Price discounted from MSRP",IT706A03CH9
122.514,"IT706A04CH9
Catalog Page: 43, 103
Price discounted from MSRP",IT706A04CH9
104.694,"IFM706A13CH9
Catalog Page: 43, 224
Price discounted from MSRP",IFM706A13CH9
117.372,"ICH626A03BN20
Catalog Page: 44, 180
Price discounted from MSRP",ICH626A03BN20
53.046,"IPL626A01BN
Catalog Page: 44, 195
Price discounted from MSRP",IPL626A01BN
136.56,"IPL626A04BN
Catalog Page: 44, 195
Price discounted from MSRP",IPL626A04BN
46.038,"IVL626A01BN
Catalog Page: 45, 143
Price discounted from MSRP",IVL626A01BN
80.19,"IVL626A02BN
Catalog Page: 45, 143
Price discounted from MSRP",IVL626A02BN
116.574,"IVL626A03BN
Catalog Page: 45, 143
Price discounted from MSRP",IVL626A03BN
154.44,"IVL626A04BN
Catalog Page: 45, 143
Price discounted from MSRP",IVL626A04BN
78.438,"ISF626A03BN
Catalog Page: 45, 225
Price discounted from MSRP",ISF626A03BN
49.656,"IWL626A11BN
Catalog Page: 45, 238
Price discounted from MSRP",IWL626A11BN
203.448,"ICH511A06CH
Catalog Page: 46, 180
Price discounted from MSRP",ICH511A06CH
40.098,"IPL511A01CH
Catalog Page: 46, 205
Price discounted from MSRP",IPL511A01CH
58.656,"IVL511A01CH
Catalog Page: 47, 145
Price discounted from MSRP",IVL511A01CH
95.784,"IVL511A03CH
Catalog Page: 47, 145
Price discounted from MSRP",IVL511A03CH
38.61,"IFM511A13CH
Catalog Page: 47, 220
Price discounted from MSRP",IFM511A13CH
85.386,"ISF511A03CH
Catalog Page: 47, 220
Price discounted from MSRP",ISF511A03CH
189.924,"ICH423A05BN
Catalog Page: 48, 180
Price discounted from MSRP",ICH423A05BN
36.732,"IPL423A01BN
Catalog Page: 48, 205
Price discounted from MSRP",IPL423A01BN
28.134,"IVL423A01BN
Catalog Page: 48, 237
Price discounted from MSRP",IVL423A01BN
51.978,"IPL527A01CH
Catalog Page: 49, 200
Price discounted from MSRP",IPL527A01CH
106.92,"ISF527A03CH
Catalog Page: 49, 225
Price discounted from MSRP",ISF527A03CH
35.64,"IWL527A01CH
Catalog Page: 49, 238
Price discounted from MSRP",IWL527A01CH
138.846,"LCH131A17BK
Catalog Page: 5, 172
Price discounted from MSRP",LCH131A17BK
202.704,"LCH131A22BK
Catalog Page: 5, 172
Price discounted from MSRP",LCH131A22BK
118.056,"LFM131A14BK
Catalog Page: 5, 223
Price discounted from MSRP",LFM131A14BK
80.19,"IVL510A02BN
Catalog Page: 50, 160
Price discounted from MSRP",IVL510A02BN
107.664,"IVL510A03BN
Catalog Page: 50, 160
Price discounted from MSRP",IVL510A03BN
222.006,"ICH510A05BN38
Catalog Page: 50, 181
Price discounted from MSRP",ICH510A05BN38
50.49,"IPL510A01BN
Catalog Page: 50, 205
Price discounted from MSRP",IPL510A01BN
106.296,"ICH425A03CH16
Catalog Page: 51, 181
Price discounted from MSRP",ICH425A03CH16
84.408,"ISF425A03CH
Catalog Page: 51, 226
Price discounted from MSRP",ISF425A03CH
33.606,"IVL425A01CH
Catalog Page: 51, 237
Price discounted from MSRP",IVL425A01CH
137.556,"ICH435A04CH9
Catalog Page: 52, 181
Price discounted from MSRP",ICH435A04CH9
56.274,"IPL435A01CH
Catalog Page: 52, 200
Price discounted from MSRP",IPL435A01CH
43.512,"IWL435A01CH
Catalog Page: 52, 239
Price discounted from MSRP",IWL435A01CH
126.498,"ICH394A04CH9
Catalog Page: 53, 181
Price discounted from MSRP",ICH394A04CH9
43.512,"IPL394A01CH
Catalog Page: 53, 200
Price discounted from MSRP",IPL394A01CH
32.232,"IWL394A11CH
Catalog Page: 53, 238
Price discounted from MSRP",IWL394A11CH
70.908,"ICHAN4115BN
Catalog Page: 54, 177
Price discounted from MSRP",ICHAN4115BN
93.468,"ICHAN4118BN
Catalog Page: 54, 177
Price discounted from MSRP",ICHAN4118BN
58.422,"ISF41BN
Catalog Page: 54, 226
Price discounted from MSRP",ISF4166
25.38,"IWL4BN
Catalog Page: 54, 239
Price discounted from MSRP",IWL466
120.288,"ICH454A06CH22
Catalog Page: 55, 182
Price discounted from MSRP",ICH454A06CH22
55.302,"IPL634A01BN
Catalog Page: 55, 205
Price discounted from MSRP",IPL634A01BN
41.58,"IFM634A09BN
Catalog Page: 55, 224
Price discounted from MSRP",IFM634A09BN
99.258,"IFM454A15CH9
Catalog Page: 55, 225
Price discounted from MSRP",IFM454A15CH9
82.992,"ICH280A03BPT15
Catalog Page: 56, 182
Price discounted from MSRP",ICH280A03BPT15
70.908,"IPL318A03AL
Catalog Page: 56, 206
Price discounted from MSRP",IPL318A03AL
40.248,"IFM318A13AL
Catalog Page: 56, 225
Price discounted from MSRP",IFM318A13AL
54.792,"ISF280A03BPT
Catalog Page: 56, 226
Price discounted from MSRP",ISF280A03BPT
58.818,"ICHANC73 BPT
Catalog Page: 57, 178
Price discounted from MSRP",ICHANC7351
67.278,"ICHAN75 BPT
Catalog Page: 57, 178
Price discounted from MSRP",ICHAN7551
28.386,"ICHANC71 BPT
Catalog Page: 57, 224
Price discounted from MSRP",ICHANC7151
167.064,"ICH668A05BKN
Catalog Page: 58, 178
Price discounted from MSRP",ICH668A05BKN
43.068,"IPL668A01BKN
Catalog Page: 58, 203
Price discounted from MSRP",IPL668A01BKN
67.566,"ITL668A22BKN
Catalog Page: 58, 243
Price discounted from MSRP",ITL668A22BKN
186.366,"IFL668A74BKN
Catalog Page: 58, 243
Price discounted from MSRP",IFL668A74BKN
15.594,"ICW668A01BKN10
Catalog Page: 59, 114
Price discounted from MSRP",ICW668A01BKN10
26.73,"ICW668A02BKN10
Catalog Page: 59, 114
Price discounted from MSRP",ICW668A02BKN10
32.67,"IT668A02BKN10
Catalog Page: 59, 114
Price discounted from MSRP",IT668A02BKN10
38.61,"ICW668A03BKN10
Catalog Page: 59, 114
Price discounted from MSRP",ICW668A03BKN10
48.264,"IT668A03BKN10
Catalog Page: 59, 114
Price discounted from MSRP",IT668A03BKN10
60.888,"IT668A04BKN10
Catalog Page: 59, 114
Price discounted from MSRP",IT668A04BKN10
152.958,"ICH710A03BKW
Catalog Page: 6, 166
Price discounted from MSRP",ICH710A03BKW
221.268,"ICH710A05BKW
Catalog Page: 6, 166
Price discounted from MSRP",ICH710A05BKW
116.574,"ICH504B03BKN18
Catalog Page: 60, 175
Price discounted from MSRP",ICH504B03BKN18
135.876,"ICH504B03BKW18
Catalog Page: 60, 175
Price discounted from MSRP",ICH504B03BKW18
93.558,"ISF504B03BKN
Catalog Page: 60, 215
Price discounted from MSRP",ISF504B03BKN
108.408,"ISF504B03BKW
Catalog Page: 60, 215
Price discounted from MSRP",ISF504B03BKW
28.218,"ICW447B01BNY10
Catalog Page: 61, 113
Price discounted from MSRP",ICW447B01BNY10
49.008,"ICW447B02BNY10
Catalog Page: 61, 113
Price discounted from MSRP",ICW447B02BNY10
58.656,"IT447B02BNY10
Catalog Page: 61, 113
Price discounted from MSRP",IT447B02BNY10
72.024,"ICW447B03BNY10
Catalog Page: 61, 113
Price discounted from MSRP",ICW447B03BNY10
76.476,"IT447B03BNY10
Catalog Page: 61, 113
Price discounted from MSRP",IT447B03BNY10
99.498,"IT447B04BNY10
Catalog Page: 61, 113
Price discounted from MSRP",IT447B04BNY10
88.356,"IPL447B01BNY
Catalog Page: 61, 197
Price discounted from MSRP",IPL447B01BNY
60.888,"IFM447B12BNY
Catalog Page: 61, 225
Price discounted from MSRP",IFM447B12BNY
164.094,"ICH708A04BKN
Catalog Page: 62, 175
Price discounted from MSRP",ICH708A04BKN
245.766,"ICH708A06BKN
Catalog Page: 62, 175
Price discounted from MSRP",ICH708A06BKN
53.46,"IWF708A01BKN
Catalog Page: 62, 236
Price discounted from MSRP",IWF708A01BKN
129.198,"ICH701A04BKN30
Catalog Page: 63, 178
Price discounted from MSRP",ICH701A04BKN30
111.378,"IPL701A04BKN13
Catalog Page: 63, 203
Price discounted from MSRP",IPL701A04BKN13
78.708,"IFM701A16BKN
Catalog Page: 63, 223
Price discounted from MSRP",IFM701A16BKN
67.566,"IPL411B01BK
Catalog Page: 64, 190
Price discounted from MSRP",IPL411B01BK
99.498,"IPL411B03BK12
Catalog Page: 64, 190
Price discounted from MSRP",IPL411B03BK12
189.336,"IPL411B05BK22
Catalog Page: 64, 190
Price discounted from MSRP",IPL411B05BK22
12.9,"IFM411 ORB
Catalog Page: 64, 223
Price discounted from MSRP",IFM41113
164.838,"ICH662A04ORB20
Catalog Page: 65, 179
Price discounted from MSRP",ICH662A04ORB20
53.61,"IPL636A01ORB
Catalog Page: 65, 201
Price discounted from MSRP",IPL636A01ORB
58.656,"IFM662A13ORB
Catalog Page: 65, 216
Price discounted from MSRP",IFM662A13ORB
110.634,"ISF662A03ORB
Catalog Page: 65, 216
Price discounted from MSRP",ISF662A03ORB
36.384,"IFM636A08ORB
Catalog Page: 65, 223
Price discounted from MSRP",IFM636A08ORB
49.746,"IPL673A01BK
Catalog Page: 66, 202
Price discounted from MSRP",IPL673A01BK
67.998,"IPL235B01BK
Catalog Page: 66, 203
Price discounted from MSRP",IPL235B01BK
89.844,"IFM567A13BK-C
Catalog Page: 66, 223
Price discounted from MSRP",IFM567A13BK-C
43.068,"IWF673A01BK
Catalog Page: 66, 236
Price discounted from MSRP",IWF673A01BK
318.828,"ICH633A08ORB
Catalog Page: 67, 179
Price discounted from MSRP",ICH633A08ORB
46.836,"IPL633A01ORB
Catalog Page: 67, 201
Price discounted from MSRP",IPL633A01ORB
103.83,"ISF633A03ORB
Catalog Page: 67, 223
Price discounted from MSRP",ISF633A03ORB
44.58,"IVL633A01ORB
Catalog Page: 67, 237
Price discounted from MSRP",IVL633A01ORB
45.708,"IPL623A01ORB
Catalog Page: 68, 201
Price discounted from MSRP",IPL623A01ORB
35.346,"IFM623A08ORB
Catalog Page: 68, 217
Price discounted from MSRP",IFM623A08ORB
62.37,"IFM623A12ORB
Catalog Page: 68, 217
Price discounted from MSRP",IFM623A12ORB
216.81,"ICH586A05ORB
Catalog Page: 69, 176
Price discounted from MSRP",ICH586A05ORB
44.55,"IPL276B01ORB
Catalog Page: 69, 191
Price discounted from MSRP",IPL276B01ORB
141.078,"IPL586A03ORB
Catalog Page: 69, 191
Price discounted from MSRP",IPL586A03ORB
43.068,"IWF586A01ORB
Catalog Page: 69, 237
Price discounted from MSRP",IWF586A01ORB
49.746,"IVL710A01BKW
Catalog Page: 7, 136
Price discounted from MSRP",IVL710A01BKW
80.934,"IVL710A02BKW
Catalog Page: 7, 136
Price discounted from MSRP",IVL710A02BKW
111.378,"IVL710A03BKW
Catalog Page: 7, 136
Price discounted from MSRP",IVL710A03BKW
321.504,"ICH710A08BKW
Catalog Page: 7, 166
Price discounted from MSRP",ICH710A08BKW
41.58,"IPL710A01BKW
Catalog Page: 7, 203
Price discounted from MSRP",IPL710A01BKW
173.508,"ICH480A04ORB30
Catalog Page: 70, 179
Price discounted from MSRP",ICH480A04ORB30
53.928,"IPL480A01ORB
Catalog Page: 70, 202
Price discounted from MSRP",IPL480A01ORB
120.288,"IFM480A14ORB
Catalog Page: 70, 224
Price discounted from MSRP",IFM480A14ORB
55.494,"IVL480A01ORB
Catalog Page: 70, 236
Price discounted from MSRP",IVL480A01ORB
96.528,"ICH370A03BN16
Catalog Page: 71, 178
Price discounted from MSRP",ICH370A03BN16
139.398,"ICH375A05RA
Catalog Page: 71, 178
Price discounted from MSRP",ICH375A05RA
50.766,"IPL375A01RA
Catalog Page: 71, 202
Price discounted from MSRP",IPL375A01RA
27.396,"IFM375A11RA
Catalog Page: 71, 224
Price discounted from MSRP",IFM375A11RA
26.586,"IVL375A01RA
Catalog Page: 71, 237
Price discounted from MSRP",IVL375A01RA
33.846,"IPL253A01ORB
Catalog Page: 72, 196
Price discounted from MSRP",IPL253A01ORB
139.398,"IPL253A02ORB
Catalog Page: 72, 196
Price discounted from MSRP",IPL253A02ORB
31.422,"IFM253A14ORB
Catalog Page: 72, 222
Price discounted from MSRP",IFM253A14ORB
46.332,"ISF253A03ORB
Catalog Page: 72, 222
Price discounted from MSRP",ISF253A03ORB
27.396,"IWF253A01ORB
Catalog Page: 72, 237
Price discounted from MSRP",IWF253A01ORB
129.744,"ICH421A04ORB
Catalog Page: 73, 179
Price discounted from MSRP",ICH421A04ORB
40.644,"IPL421A01ORB
Catalog Page: 73, 202
Price discounted from MSRP",IPL421A01ORB
60.966,"IFM421A15ORB
Catalog Page: 73, 222
Price discounted from MSRP",IFM421A15ORB
75.03,"ISF421A03ORB
Catalog Page: 73, 222
Price discounted from MSRP",ISF421A03ORB
23.364,"IWL421A01ORB
Catalog Page: 73, 239
Price discounted from MSRP",IWL421A01ORB
132.084,"ICH320A03ORB20
Catalog Page: 74, 180
Price discounted from MSRP",ICH320A03ORB20
80.574,"IPL320A01ORB14
Catalog Page: 74, 199
Price discounted from MSRP",IPL320A01ORB14
100.236,"ISF320A02ORB
Catalog Page: 74, 224
Price discounted from MSRP",ISF320A02ORB
227.946,"ICH676A05BKG40
Catalog Page: 8, 179
Price discounted from MSRP",ICH676A05BKG40
66.084,"IPL676A01BKG
Catalog Page: 8, 192
Price discounted from MSRP",IPL676A01BKG
149.244,"IPL676A03BKG16
Catalog Page: 8, 193
Price discounted from MSRP",IPL676A03BKG16
89.844,"IFM676A15BKG
Catalog Page: 8, 214
Price discounted from MSRP",IFM676A15BKG
50.49,"IWL676A01BKG
Catalog Page: 8, 234
Price discounted from MSRP",IWL676A01BKG
144.048,"IPL676A03BKN16
Catalog Page: 9, 193
Price discounted from MSRP",IPL676A03BKN16
85.386,"IFM676A15BKN
Catalog Page: 9, 214
Price discounted from MSRP",IFM676A15BKN
49.008,"IWL676A01BKN
Catalog Page: 9, 234
Price discounted from MSRP",IWL676A01BKN
69.798,"LVL142A01CH
Catalog Page: 98, 134
Price discounted from MSRP",LVL142A01CH
72.768,"LPL142A01CH
Catalog Page: 98, 185
Price discounted from MSRP",LPL142A01CH
32.556,"CQ005
Catalog Page: N/A
Price discounted from MSRP",CQ005